"concept","from_var","to_var","from_years","to_years","gap_years","label_from","label_to","label_similarity","codes_equal","drift","drift_detail","name_flag","suggested_status","suggested_comparable","confidence","rationale"
"coneff","CONEFF95","CONEFF2","1995-1995","1996-2004",1,"CONDOM EFFECTIVENESS AGAINST HIV","HOW GOOD ARE CONDOMS AT STOPPING HIV SPR",0.09,,"no-catalog-labels","CONEFF95 has no catalog labels","suffix >= 10: looks like an age/code, not a version counter","rejected?","","low","suffix >= 10: looks like an age/code, not a version counter"
"grade","GRADE","GRADE95","1994-1994","1995-1995",1,"GRADE CHILD SHOULD BEGIN AIDS EDUCATION","GRADE TO BEGIN HIV INFECTION & AIDS EDUC",0.33,,"no-catalog-labels","neither generation has catalog labels (pre-1998?)","suffix >= 10: looks like an age/code, not a version counter","rejected?","","low","suffix >= 10: looks like an age/code, not a version counter"
"grade","GRADE95","GRADE2","1995-1995","1996-2000",1,"GRADE TO BEGIN HIV INFECTION & AIDS EDUC","GRADE TO BEGIN HIV INFECTN AND AIDS EDUC",0.71,,"no-catalog-labels","GRADE95 has no catalog labels","suffix >= 10: looks like an age/code, not a version counter","rejected?","","low","suffix >= 10: looks like an age/code, not a version counter"
"hcvu","_HCVU65","_HCVU651","2007-2010","2011-2020",1,"RESPONDENTS AGED 18-64 WITH HEALTH CARE","RESPONDENTS AGED 18-64 WITH HEALTH CARE",1,TRUE,"none","","suffix >= 10: looks like an age/code, not a version counter","rejected?","","low","suffix >= 10: looks like an age/code, not a version counter"
"hcvu","_HCVU651","_HCVU652","2011-2020","2021-2022",1,"RESPONDENTS AGED 18-64 WITH HEALTH CARE","RESPONDENTS AGED 18-64 WITH HEALTH INSUR",0.75,TRUE,"label-wording-differs","code 2: 'Do not have health care coverage' -> 'Do not have any form of health insurance' | code 1: 'Have health care coverage' -> 'Have some form of health insurance'","suffix >= 10: looks like an age/code, not a version counter","rejected?","","low","suffix >= 10: looks like an age/code, not a version counter"
"hcvu","_HCVU652","_HCVU653","2021-2022","2023-2023",1,"RESPONDENTS AGED 18-64 WITH HEALTH INSUR","RESPONDENTS AGED 18-64 WITH HEALTH INSUR",1,TRUE,"none","","suffix >= 10: looks like an age/code, not a version counter","rejected?","","low","suffix >= 10: looks like an age/code, not a version counter"
"hcvu","_HCVU653","_HCVU654","2023-2023","2024-2024",1,"RESPONDENTS AGED 18-64 WITH HEALTH INSUR","RESPONDENTS AGED 18-64 WITH HEALTH INSUR",1,TRUE,"none","","suffix >= 10: looks like an age/code, not a version counter","rejected?","","low","suffix >= 10: looks like an age/code, not a version counter"
"income","INCOME","INCOME95","1985-1994","1995-1995",1,"INCOME LEVEL","INCOME LEVEL",1,,"no-catalog-labels","neither generation has catalog labels (pre-1998?)","suffix >= 10: looks like an age/code, not a version counter","rejected?","","low","suffix >= 10: looks like an age/code, not a version counter"
"income","INCOME95","INCOME2","1995-1995","1996-2020",1,"INCOME LEVEL","INCOME LEVEL",1,,"no-catalog-labels","INCOME95 has no catalog labels","suffix >= 10: looks like an age/code, not a version counter","rejected?","","low","suffix >= 10: looks like an age/code, not a version counter"
"lmtd","LMTD70","LMTD65","1993-1993","1994-1995",1,"LIMITED IN ACTIVITIES DUE TO HEALTH","LIMITED IN ACTIVITIES DUE TO HEALTH",1,,"no-catalog-labels","neither generation has catalog labels (pre-1998?)","suffix >= 10: looks like an age/code, not a version counter","rejected?","","low","suffix >= 10: looks like an age/code, not a version counter"
"lsttst","LSTTST95","LSTTST2","1995-1995","1996-1997",1,"LAST BLOOD TEST FOR HIV","LAST BLOOD TEST FOR HIV",1,,"no-catalog-labels","neither generation has catalog labels (pre-1998?)","suffix >= 10: looks like an age/code, not a version counter","rejected?","","low","suffix >= 10: looks like an age/code, not a version counter"
"mam","_MAM5021","_MAM5022","2014-2016","2018-2018",2,"WOMEN RESPONDENTS AGED 50-74 WHO HAVE HA","WOMEN RESPONDENTS AGED 50-74 WHO HAVE HA",1,TRUE,"none","","suffix >= 10: looks like an age/code, not a version counter","rejected?","","low","suffix >= 10: looks like an age/code, not a version counter"
"mam","_MAM5022","_MAM5023","2018-2018","2020-2022",2,"WOMEN RESPONDENTS AGED 50-74 WHO HAVE HA","WOMEN RESPONDENTS AGED 50-74 WHO HAVE HA",1,TRUE,"none","","suffix >= 10: looks like an age/code, not a version counter","rejected?","","low","suffix >= 10: looks like an age/code, not a version counter"
"nocov","NOCOV12","NOCOV121","1996-2000","2013-2018",13,"NO HEALTH CARE COVERAGE IN PAST 12 MNTHS","WITHOUT HEALTH CARE COVERAGE PAST 12 MON",0.56,FALSE,"code-set-differs","only in NOCOV12: {}; only in NOCOV121: {7}","suffix >= 10: looks like an age/code, not a version counter","rejected?","","low","suffix >= 10: looks like an age/code, not a version counter"
"prsnl","PRSNL70","PRSNL65","1993-1993","1994-1995",1,"NEED HELP OF OTHRS WITH PERSNL CARE","NEED HELP OF OTHRS WITH PERSNL CARE",1,,"no-catalog-labels","neither generation has catalog labels (pre-1998?)","suffix >= 10: looks like an age/code, not a version counter","rejected?","","low","suffix >= 10: looks like an age/code, not a version counter"
"rfmam","_RFMAM","_RFMAM21","1998-1998","2018-2018",20,,"WOMEN RESPONDENTS AGED 40+ WHO HAVE HAD",,,"no-catalog-labels","_RFMAM has no catalog labels","suffix >= 10: looks like an age/code, not a version counter","rejected?","","low","suffix >= 10: looks like an age/code, not a version counter"
"rfmam","_RFMAM21","_RFMAM22","2018-2018","2020-2022",2,"WOMEN RESPONDENTS AGED 40+ WHO HAVE HAD","WOMEN RESPONDENTS AGED 40+ WHO HAVE HAD",1,TRUE,"none","","suffix >= 10: looks like an age/code, not a version counter","rejected?","","low","suffix >= 10: looks like an age/code, not a version counter"
"rfmam","_RFMAM22","_RFMAM23","2020-2022","2024-2024",2,"WOMEN RESPONDENTS AGED 40+ WHO HAVE HAD","WOMEN RESPONDENTS AGED 40+ WHO HAVE HAD",1,TRUE,"none","","suffix >= 10: looks like an age/code, not a version counter","rejected?","","low","suffix >= 10: looks like an age/code, not a version counter"
"rfpsa","_RFPSA21","_RFPSA22","2012-2016","2018-2018",2,"MALE RESPONDENTS AGED 40+ WHO HAVE HAD A","MALE RESPONDENTS AGED 40+ WHO HAVE HAD A",1,TRUE,"none","","suffix >= 10: looks like an age/code, not a version counter","rejected?","","low","suffix >= 10: looks like an age/code, not a version counter"
"rfpsa","_RFPSA22","_RFPSA23","2018-2018","2020-2020",2,"MALE RESPONDENTS AGED 40+ WHO HAVE HAD A","MALE RESPONDENTS AGED 40+ WHO HAVE HAD A",1,TRUE,"none","","suffix >= 10: looks like an age/code, not a version counter","rejected?","","low","suffix >= 10: looks like an age/code, not a version counter"
"rout","ROUT70","ROUT65","1993-1993","1994-1995",1,"NEED HELP OF OTHERS WITH ROUTINE NEEDS","NEED HELP OF OTHERS WITH ROUTINE NEEDS",1,,"no-catalog-labels","neither generation has catalog labels (pre-1998?)","suffix >= 10: looks like an age/code, not a version counter","rejected?","","low","suffix >= 10: looks like an age/code, not a version counter"
"sgms","_SGMS101","_SGMS102","2022-2022","2024-2024",2,"RESPONDENTS AGED 45-75 WHO HAVE HAD A SI","RESPONDENTS AGED 45-75 WHO HAVE HAD A SI",1,TRUE,"none","","suffix >= 10: looks like an age/code, not a version counter","rejected?","","low","suffix >= 10: looks like an age/code, not a version counter"
"bmi","_BMI","_BMI2","1987-1999","2000-2002",1,"BODY MASS INDEX","Body Mass Index.",1,,"no-catalog-labels","_BMI has no catalog labels","","verified?","","low","_BMI has no catalog labels - compare codebooks by hand"
"bmi","_BMI4","_BMI5","2004-2010","2011-2024",1,"COMPUTED BODY MASS INDEX","COMPUTED BODY MASS INDEX",1,,"no-catalog-labels","_BMI5 has no catalog labels","","verified?","","low","_BMI5 has no catalog labels - compare codebooks by hand"
"chkhemo","CHKHEMO","CHKHEMO2","1994-1999","2000-2003",1,"TIMES CHECK FOR GLYCOSYLATED HEMOGLOBIN","CHECKED FOR HEMOGLOBIN A ONE C",0.25,,"no-catalog-labels","CHKHEMO has no catalog labels","","verified?","","low","CHKHEMO has no catalog labels - compare codebooks by hand"
"cholmed","CHOLMED","CHOLMED1","1988-1990","2017-2017",27,"DOCTOR PRESCRIBE MED TO LOWER CHOL","CURRENTLY TAKING MEDICINE FOR HIGH CHOLE",0,,"no-catalog-labels","CHOLMED has no catalog labels","","verified?","","low","CHOLMED has no catalog labels - compare codebooks by hand"
"cigar","CIGAR","CIGAR2","1998-1998","2001-2003",3,"EVER SMOKED A CIGAR","EVER SMOKED CIGAR",1,,"no-catalog-labels","CIGAR has no catalog labels","","verified?","","low","CIGAR has no catalog labels - compare codebooks by hand"
"ctycode","CTYCODE","CTYCODE1","1988-2010","2011-2012",1,"COUNTY CODE","COUNTY CODE",1,,"no-catalog-labels","CTYCODE1 has no catalog labels","","verified?","","low","CTYCODE1 has no catalog labels - compare codebooks by hand"
"firearm","FIREARM2","FIREARM3","1996-1998","2001-2001",3,"FIREARMS KEPT AROUND HOME","FIREARMS IN HOME",0.5,,"no-catalog-labels","FIREARM2 has no catalog labels","","verified?","","low","FIREARM2 has no catalog labels - compare codebooks by hand"
"hepbrsn","HEPBRSN","HEPBRSN2","2006-2006","2007-2007",1,"DO ANY HIGH RISK SITUATIONS APPLY","ANY HEPATITIS B BEHAVIORS TRUE FOR YOU?",0.08,,"no-catalog-labels","HEPBRSN2 has no catalog labels","","verified?","","low","HEPBRSN2 has no catalog labels - compare codebooks by hand"
"ipvrelt","IPVRELT1","IPVRELT2","2006-2006","2007-2007",1,"RELATIONSHIP TO SEX PARTNER LAST VIOLENC","RELATIONSHIP TO SEX PARTNER LAST VIOLENC",1,,"no-catalog-labels","IPVRELT1 has no catalog labels","","verified?","","low","IPVRELT1 has no catalog labels - compare codebooks by hand"
"ladult","LADULT","LADULT1","2012-2018","2019-2024",1,"ARE YOU 18 YEARS OF AGE OR OLDER?","ARE YOU 18 YEARS OF AGE OR OLDER?",1,,"no-catalog-labels","LADULT has no catalog labels","","verified?","","low","LADULT has no catalog labels - compare codebooks by hand"
"pacat","_PACAT","_PACAT1","2011-2011","2013-2017",2,"PHYSICAL ACTIVITY CATEGORIES","PHYSICAL ACTIVITY CATEGORIES",1,,"no-catalog-labels","_PACAT has no catalog labels","","verified?","","low","_PACAT has no catalog labels - compare codebooks by hand"
"persdoc","PERSDOC","PERSDOC2","2000-2000","2001-2020",1,"HAVE PERS DOC OR HLTH CARE PROVIDER","MULTIPLE HEALTH CARE PROFESSIONALS",0.11,,"no-catalog-labels","PERSDOC has no catalog labels","","verified?","","low","PERSDOC has no catalog labels - compare codebooks by hand"
"qlrest","QLREST","QLREST2","1995-2000","2001-2012",1,"TIMES IN PAST MONTH NOT ENOUGH REST","HOW MANY DAYS DID YOU GET ENOUGH SLEEP I",0.07,,"no-catalog-labels","QLREST has no catalog labels","","verified?","","low","QLREST has no catalog labels - compare codebooks by hand"
"race","RACE","RACE2","1985-2000","2001-2012",1,"NEW RACE CODE","COMPUTED RACE-ETHNICITY GROUPING",0.17,,"no-catalog-labels","RACE has no catalog labels","","verified?","","low","RACE has no catalog labels - compare codebooks by hand"
"rcsrace","RCSRACE","RCSRACE1","2005-2012","2013-2014",1,"RACE OF CHILD (MULTIPLE POSSIBLE)",,,,"no-catalog-labels","neither generation has catalog labels (pre-1998?)","","verified?","","low","neither generation has catalog labels (pre-1998?) - compare codebooks by hand"
"rcvfvch","RCVFVCH2","RCVFVCH3","2006-2006","2009-2009",3,"DATE CHILD RCVD MOST RECENT FLU VACCINE(","DATE CHILD RCVD MOST RECENT FLU VACCINE(",1,,"no-catalog-labels","neither generation has catalog labels (pre-1998?)","","verified?","","low","neither generation has catalog labels (pre-1998?) - compare codebooks by hand"
"rcvfvch","RCVFVCH3","RCVFVCH4","2009-2009","2010-2012",1,"DATE CHILD RCVD MOST RECENT FLU VACCINE(","DATE CHILD RCVD MOST RECENT SEASONAL FLU",0.75,,"no-catalog-labels","neither generation has catalog labels (pre-1998?)","","verified?","","low","neither generation has catalog labels (pre-1998?) - compare codebooks by hand"
"selcptn","SELCPTN2","SELCPTN3","1997-1997","1998-2001",1,"DECREASE NUMB SEX PTNRS OR ABSTINENT","DECREASE NUMB SEX PTNRS OR ABSTINENT",1,,"no-catalog-labels","SELCPTN2 has no catalog labels","","verified?","","low","SELCPTN2 has no catalog labels - compare codebooks by hand"
"smoker","_SMOKER","_SMOKER2","1985-1993","1994-2004",1,"SMOKING STATUS","FOUR LEVEL SMOKER STATUS.",0.2,,"no-catalog-labels","_SMOKER has no catalog labels","","verified?","","low","_SMOKER has no catalog labels - compare codebooks by hand"
"usecond","USECOND2","USECOND3","1997-1997","1998-2001",1,"NOW ALWAYS USE CONDOMS FOR PROTECTION","NOW ALWAYS USE CONDOMS FOR PROTECTION",1,,"no-catalog-labels","USECOND2 has no catalog labels","","verified?","","low","USECOND2 has no catalog labels - compare codebooks by hand"
"vetstat","VETSTAT","VETSTAT2","2000-2000","2003-2008",3,"CURRENT MILITARY STATUS","CURRENT VETERAN STATUS",0.5,,"no-catalog-labels","VETSTAT has no catalog labels","","verified?","","low","VETSTAT has no catalog labels - compare codebooks by hand"
"wtkg","WTKG2","WTKG3","2004-2010","2011-2024",1,"COMPUTED WEIGHT IN KILOGRAMS","COMPUTED WEIGHT IN KILOGRAMS",1,,"no-catalog-labels","WTKG3 has no catalog labels","","verified?","","low","WTKG3 has no catalog labels - compare codebooks by hand"
"acehurt","ACEHURT","ACEHURT1","2009-2012","2019-2024",7,"HOW OFTEN DID A PARENT PHYSICALLY HURT Y","HOW OFTEN DID A PARENT PHYSICALLY HURT Y",1,TRUE,"none","","","verified?","TRUE","medium","codes and answer labels identical; check question wording in the codebook if the estimate matters"
"addown","ADDOWN","ADDOWN1","2006-2015","2018-2018",3,"DAYS FELT DOWN, DEPRESSED OR HOPELESS","FELT DOWN, DEPRESSED OR HOPELESS",0.8,FALSE,"code-set-differs","only in ADDOWN: {99,77,88}; only in ADDOWN1: {3,7,4,1,9,2}","","verified?","FALSE","medium","same concept but the code set changed; note the diff"
"asthma","ASTHMA","ASTHMA2","1989-2000","2001-2010",1,"EVER HAD ASTHMA","EVER TOLD HAD ASTHMA",0.75,FALSE,"code-set-differs","only in ASTHMA: {}; only in ASTHMA2: {7}","","verified?","FALSE","medium","same concept but the code set changed; note the diff"
"asthmed","ASTHMED2","ASTHMED3","2005-2006","2007-2017",1,"TIMES USED PRESCRIBED PREVENTATIVE ASTHM","DAYS USED PRESCRIBED PREVENTATIVE ASTHMA",0.43,TRUE,"label-wording-differs","code 2: '15-24 days' -> '15 to 24 days' | code 3: '25-30 days' -> '25 to 30 days' | code 1: '1-14 days' -> '1 to 14 days'","","verified?","check","medium","codes identical but answer wording changed; judge whether meaning moved"
"avedrnk","AVEDRNK","AVEDRNK2","2001-2004","2005-2018",1,"AVERAGE NUMBER OF DRINKS PER OCCASION","AVG ALCOHOLIC DRINKS PER DAY IN PAST 30",0.2,TRUE,"label-wording-differs","code 77: 'Do not know/Not sure' -> 'Don’t know/Not sure'","","verified?","check","medium","codes identical but answer wording changed; judge whether meaning moved"
"avedrnk","AVEDRNK2","AVEDRNK3","2005-2018","2019-2023",1,"AVG ALCOHOLIC DRINKS PER DAY IN PAST 30","AVG ALCOHOLIC DRINKS PER DAY IN PAST 30",1,FALSE,"code-set-differs","only in AVEDRNK2: {}; only in AVEDRNK3: {88}","","verified?","FALSE","medium","same concept but the code set changed; note the diff"
"bmi","_BMI3","_BMI4","2003-2003","2004-2010",1,"BODY MASS INDEX.","COMPUTED BODY MASS INDEX",0.75,TRUE,"label-wording-differs","code 9999: 'Do not know/Refused/Missing' -> 'Don’t know/Refused/Missing'","","verified?","check","medium","codes identical but answer wording changed; judge whether meaning moved"
"bphigh","BPHIGH","BPHIGH2","1985-2000","2001-2001",1,"EVER TOLD BLOOD PRESSURE HIGH","EVER TOLD BLOOD PRESSURE HIGH",1,FALSE,"code-set-differs","only in BPHIGH: {}; only in BPHIGH2: {8}","","verified?","FALSE","medium","same concept but the code set changed; note the diff"
"bphigh","BPHIGH2","BPHIGH3","2001-2001","2002-2004",1,"EVER TOLD BLOOD PRESSURE HIGH","EVER TOLD BLOOD PRESSURE HIGH",1,FALSE,"code-set-differs","only in BPHIGH2: {8}; only in BPHIGH3: {7,3}","","verified?","FALSE","medium","same concept but the code set changed; note the diff"
"bphigh","BPHIGH3","BPHIGH4","2002-2004","2005-2019",1,"EVER TOLD BLOOD PRESSURE HIGH","EVER TOLD BLOOD PRESSURE HIGH",1,FALSE,"code-set-differs","only in BPHIGH3: {}; only in BPHIGH4: {4}","","verified?","FALSE","medium","same concept but the code set changed; note the diff"
"bphigh","BPHIGH4","BPHIGH6","2005-2019","2021-2023",2,"EVER TOLD BLOOD PRESSURE HIGH","EVER TOLD BLOOD PRESSURE HIGH",1,TRUE,"label-wording-differs","code 4: 'Told borderline high or pre-hypertensive' -> 'Told borderline high or pre-hypertensive or elevated blood pressure'","","verified?","check","medium","codes identical but answer wording changed; judge whether meaning moved"
"bpmeds","BPMEDS","BPMEDS1","2001-2021","2023-2023",2,"CURRENTLY TAKING BLOOD PRESSURE MEDICATI","CURRENTLY TAKING PRESCRIPTION BLOOD PRES",0.43,TRUE,"none","","","verified?","TRUE","medium","codes and answer labels identical; check question wording in the codebook if the estimate matters"
"brthcnt","BRTHCNT2","BRTHCNT3","2002-2002","2004-2010",2,"USING BIRTH CONTROL?","ARE YOU DOING ANYTHING TO KEEP FROM GETT",0,TRUE,"label-wording-differs","code 7: 'Do not know/Not sure' -> 'Don’t know/Not sure'","","verified?","check","medium","codes identical but answer wording changed; judge whether meaning moved"
"brthcnt","BRTHCNT3","BRTHCNT4","2004-2010","2022-2022",12,"ARE YOU DOING ANYTHING TO KEEP FROM GETT","ARE YOU DOING ANYTHING TO KEEP FROM GETT",1,FALSE,"code-set-differs","only in BRTHCNT3: {}; only in BRTHCNT4: {99,8,10,11,77,6,0,12,5}","","verified?","FALSE","medium","same concept but the code set changed; note the diff"
"cadult","CADULT","CADULT1","2011-2018","2019-2024",1,"ARE YOU 18 YEARS OF AGE OR OLDER?","ARE YOU 18 YEARS OF AGE OR OLDER?",1,FALSE,"code-set-differs","only in CADULT: {3}; only in CADULT1: {}","","verified?","FALSE","medium","same concept but the code set changed; note the diff"
"casthdx","CASTHDX","CASTHDX2","2002-2004","2005-2024",1,"CHILDREN DIAGNOSED W/ASTHMA","HLTH PRO EVER SAID CHILD HAS ASTHMA",0.1,FALSE,"code-set-differs","only in CASTHDX: {88,77,99}; only in CASTHDX2: {2,1,9,7}","","verified?","FALSE","medium","same concept but the code set changed; note the diff"
"cellsex","CELLSEX","CELLSEX1","2019-2021","2022-2022",1,"ARE YOU MALE OR FEMALE?","ARE YOU MALE OR FEMALE?",1,FALSE,"code-set-differs","only in CELLSEX: {}; only in CELLSEX1: {3}","","verified?","FALSE","medium","same concept but the code set changed; note the diff"
"cellsex","CELLSEX1","CELLSEX2","2022-2022","2023-2023",1,"ARE YOU MALE OR FEMALE?","ARE YOU MALE OR FEMALE?",1,FALSE,"code-set-differs","only in CELLSEX1: {3}; only in CELLSEX2: {}","","verified?","FALSE","medium","same concept but the code set changed; note the diff"
"chccopd","CHCCOPD2","CHCCOPD3","2019-2020","2021-2024",1,"(EVER TOLD) YOU HAD (COPD) CHRONIC OBSTR","EVER TOLD YOU HAD C.O.P.D. EMPHYSEMA OR",0.33,TRUE,"none","","","verified?","TRUE","medium","codes and answer labels identical; check question wording in the codebook if the estimate matters"
"checkup","CHECKUP","CHECKUP1","1987-2006","2007-2024",1,"LENGTH OF TIME SINCE LAST ROUTINE CHECKU","LENGTH OF TIME SINCE LAST ROUTINE CHECKU",1,TRUE,"label-wording-differs","code 3: 'Within the past 5 years (2 years but < 5 years ago)' -> 'Within past 5 years (2 years but less than 5 years ago)' | code 2: 'Within the past 2 years (1 year but < 2 years ago)' -> 'Within past 2 years (1 year but less than 2 years ago)' | code 1: 'Within the past year (< 12 months ago)' -> 'Within past year (anytime less than 12 months ago)'","","verified?","check","medium","codes identical but answer wording changed; judge whether meaning moved"
"chkhemo","CHKHEMO2","CHKHEMO3","2000-2003","2004-2024",1,"CHECKED FOR HEMOGLOBIN A ONE C","TIMES CHECKED FOR GLYCOSYLATED HEMOGLOBI",0.25,TRUE,"label-wording-differs","code 77: 'Do not know/Not sure' -> 'Don’t know/Not sure' | code 98: 'Never heard of hemoglobin ""A one C"" test' -> 'Never heard of “A one C” test'","","verified?","check","medium","codes identical but answer wording changed; judge whether meaning moved"
"cholchk","CHOLCHK","CHOLCHK1","1987-2015","2017-2017",2,"HOW LONG SINCE CHOLESTEROL CHECKED","HOW LONG SINCE CHOLESTEROL CHECKED",1,FALSE,"code-set-differs","only in CHOLCHK: {}; only in CHOLCHK1: {5}","","verified?","FALSE","medium","same concept but the code set changed; note the diff"
"cholchk","CHOLCHK1","CHOLCHK2","2017-2017","2019-2019",2,"HOW LONG SINCE CHOLESTEROL CHECKED","HOW LONG SINCE CHOLESTEROL CHECKED",1,FALSE,"code-set-differs","only in CHOLCHK1: {}; only in CHOLCHK2: {6,8}","","verified?","FALSE","medium","same concept but the code set changed; note the diff"
"cncrtyp","CNCRTYP1","CNCRTYP2","2012-2021","2022-2024",1,"TYPE OF CANCER","TYPE OF CANCER",1,TRUE,"label-wording-differs","code 5: 'Head and neck cancer' -> 'Breast' | code 3: 'Endometrial cancer (cancer of the uterus)' -> 'Bone' | code 18: 'Non-Hodgkin´s Lymphoma' -> 'Ovary/Ovarian' | code 13: 'Pancreatic (pancreas) cancer' -> 'Liver' | code 17: 'Leukemia (blood) cancer' -> 'Mouth/tongue/lip' | code 4: 'Ovarian cancer (cancer of the ovary)' -> 'Brain' | code 21: 'Melanoma' -> 'Rectum/Rectal' | code 19: 'Prostate cancer' -> 'Pancreas/Pancreatic' | code 6: 'Oral cancer' -> 'Cervix/Cervical' | code 28: 'Brain' -> 'Thyroid' | code 2: 'Cervical cancer (cancer of the cervix)' -> 'Blood' | code 14: 'Rectal (rectum) cancer' -> 'Lung' | code 16: 'Hodgkin´s Lymphoma (Hodgkin’s disease)' -> 'Melanoma' | code 25: 'Bladder cancer' -> 'Stomach' | code 10: 'Colon (intestine) cancer' -> 'Kidney' | code 11: 'Esophageal (esophagus)' -> 'Larynx-trachea' | code 20: 'Testicular cancer' -> 'Prostate' | code 1: 'Breast cancer' -> 'Bladder' | code 29: 'Neuroblastoma' -> 'Uterus/Uterine' | code 27: 'Bone' -> 'Throat - pharynx' | code 12: 'Liver cancer' -> 'Leukemia' | code 8: 'Thyroid' -> 'Esophagus/Esophageal' | code 24: 'Lung' -> 'Soft tissue (muscle or fat)' | code 22: 'Other skin cancer' -> 'Skin (non-melanoma)' | code 15: 'Stomach' -> 'Lymphoma' | code 7: 'Pharyngeal (throat) cancer' -> 'Colon' | code 26: 'Renal (kidney) cancer' -> 'Testis/Testicular' | code 9: 'Larynx' -> 'Gallbladder' | code 23: 'Heart' -> 'Skin (don´t know what kind)'","","verified?","check","medium","codes identical but answer wording changed; judge whether meaning moved"
"colgsex","COLGSEX","COLGSEX1","2019-2021","2022-2022",1,"ARE YOU MALE OR FEMALE?","ARE YOU MALE OR FEMALE?",1,FALSE,"code-set-differs","only in COLGSEX: {}; only in COLGSEX1: {3}","","verified?","FALSE","medium","same concept but the code set changed; note the diff"
"covidnu","COVIDNU1","COVIDNU2","2022-2022","2023-2023",1,"NUMBER OF COVID-19 VACCINATIONS RECEIVED","NUMBER OF COVID-19 VACCINATIONS RECEIVED",1,FALSE,"code-set-differs","only in COVIDNU1: {}; only in COVIDNU2: {5}","","verified?","FALSE","medium","same concept but the code set changed; note the diff"
"cprace","_CPRACE1","_CPRACE2","2021-2021","2022-2022",1,"PREFERRED CHILD RACE CATEGORIES","PREFERRED CHILD RACE CATEGORIES",1,FALSE,"code-set-differs","only in _CPRACE1: {8}; only in _CPRACE2: {88}","","verified?","FALSE","medium","same concept but the code set changed; note the diff"
"crcrec","_CRCREC","_CRCREC1","2014-2018","2020-2020",2,"RESPONDENTS AGED 50-75 WHO HAVE FULLY ME","RESPONDENTS AGED 50-75 WHO HAVE FULLY ME",1,FALSE,"code-set-differs","only in _CRCREC: {}; only in _CRCREC1: {3}","","verified?","FALSE","medium","same concept but the code set changed; note the diff"
"crgvhrs","CRGVHRS","CRGVHRS1","2009-2010","2015-2023",5,"HOW MANY HOURS DO YOU PROVIDE CARE FOR P","HOW MANY HOURS DO YOU PROVIDE CARE FOR P",1,FALSE,"code-set-differs","only in CRGVHRS: {777,999}; only in CRGVHRS1: {7,2,4,3,9,1}","","verified?","FALSE","medium","same concept but the code set changed; note the diff"
"crgvhrs","CRGVHRS1","CRGVHRS2","2015-2023","2024-2024",1,"HOW MANY HOURS DO YOU PROVIDE CARE FOR P","HOW MANY HOURS DO YOU PROVIDE CARE FOR P",1,FALSE,"code-set-differs","only in CRGVHRS1: {4}; only in CRGVHRS2: {}","","verified?","FALSE","medium","same concept but the code set changed; note the diff"
"crgvlng","CRGVLNG1","CRGVLNG2","2015-2023","2024-2024",1,"HOW LONG PROVIDED CARE FOR PERSON.","HOW LONG PROVIDED CARE FOR PERSON.",1,FALSE,"code-set-differs","only in CRGVLNG1: {5}; only in CRGVLNG2: {}","","verified?","FALSE","medium","same concept but the code set changed; note the diff"
"crgvmst","CRGVMST1","CRGVMST2","2010-2010","2015-2017",5,"WHAT AREAS DOES PERSON MOST NEED YOUR HE","WHICH SUPPORT DO YOU MOST NEED THAT YOU",0.15,FALSE,"code-set-differs","only in CRGVMST1: {8,77,99,10}; only in CRGVMST2: {}","","verified?","FALSE","medium","same concept but the code set changed; note the diff"
"crgvprb","CRGVPRB1","CRGVPRB2","2015-2015","2016-2018",1,"WHAT IS THE MAJOR HEALTH PROBLEM, ILLNES","WHAT IS THE MAJOR HEALTH PROBLEM, ILLNES",1,FALSE,"code-set-differs","only in CRGVPRB1: {}; only in CRGVPRB2: {14,15}","","verified?","FALSE","medium","same concept but the code set changed; note the diff"
"crgvprb","CRGVPRB2","CRGVPRB3","2016-2018","2019-2023",1,"WHAT IS THE MAJOR HEALTH PROBLEM, ILLNES","WHAT IS THE MAJOR HEALTH PROBLEM, ILLNES",1,TRUE,"label-wording-differs","code 14: 'Old age/infirmity/frailty' -> 'Old age/ infirmity/frailty' | code 1: 'Arthritis/Rheumatism' -> 'Arthritis/ rheumatism' | code 5: 'Dementia or other Cognitive Impairment Disorders' -> 'AlzheimerÂ´s disease, dementia or other cognitive impairment disorder'","","verified?","check","medium","codes identical but answer wording changed; judge whether meaning moved"
"crgvprb","CRGVPRB3","CRGVPRB4","2019-2023","2024-2024",1,"WHAT IS THE MAJOR HEALTH PROBLEM, ILLNES","WHAT IS THE MAIN HEALTH PROBLEM, ILLNESS",0.5,FALSE,"code-set-differs","only in CRGVPRB3: {14,15}; only in CRGVPRB4: {}","","verified?","FALSE","medium","same concept but the code set changed; note the diff"
"crgvrel","CRGVREL1","CRGVREL2","2015-2016","2017-2018",1,"RELATIONSHIP OF PERSON TO WHOM YOU ARE G","RELATIONSHIP OF PERSON TO WHOM YOU ARE G",1,FALSE,"code-set-differs","only in CRGVREL1: {}; only in CRGVREL2: {16}","","verified?","FALSE","medium","same concept but the code set changed; note the diff"
"crgvrel","CRGVREL2","CRGVREL3","2017-2018","2019-2019",1,"RELATIONSHIP OF PERSON TO WHOM YOU ARE G","RELATIONSHIP OF PERSON TO WHOM YOU ARE G",1,TRUE,"label-wording-differs","code 8: 'Same-sex partner' -> 'Live-in partner'","","verified?","check","medium","codes identical but answer wording changed; judge whether meaning moved"
"crgvrel","CRGVREL3","CRGVREL4","2019-2019","2020-2023",1,"RELATIONSHIP OF PERSON TO WHOM YOU ARE G","RELATIONSHIP OF PERSON TO WHOM YOU ARE G",1,FALSE,"code-set-differs","only in CRGVREL3: {16}; only in CRGVREL4: {}","","verified?","FALSE","medium","same concept but the code set changed; note the diff"
"crgvrel","CRGVREL4","CRGVREL5","2020-2023","2024-2024",1,"RELATIONSHIP OF PERSON TO WHOM YOU ARE G","RELATIONSHIP OF PERSON TO WHOM YOU ARE G",1,FALSE,"code-set-differs","only in CRGVREL4: {15,13,9,10,11,14,12}; only in CRGVREL5: {}","","verified?","FALSE","medium","same concept but the code set changed; note the diff"
"csrvctl","CSRVCTL1","CSRVCTL2","2012-2018","2019-2024",1,"IS PAIN UNDER CONTROL?","IS PAIN UNDER CONTROL?",1,TRUE,"label-wording-differs","code 1: 'Yes, with medication (or treatment)' -> 'With medication (or treatment)' | code 4: 'No, without medication (or treatment)' -> 'Not under control, without medication (or treatment)' | code 3: 'No, with medication (or treatment)' -> 'Not under control, with medication (or treatment)' | code 2: 'Yes, without medication (or treatment)' -> 'Without medication (or treatment)'","","verified?","check","medium","codes identical but answer wording changed; judge whether meaning moved"
"csrvdoc","CSRVDOC","CSRVDOC1","2009-2010","2012-2024",2,"WHAT TYPE OF DOCTOR PROVIDES MAJORITY OF","WHAT TYPE OF DOCTOR PROVIDES MAJORITY OF",1,TRUE,"label-wording-differs","code 5: 'Internist' -> 'General Practitioner, Internist'","","verified?","check","medium","codes identical but answer wording changed; judge whether meaning moved"
"csrvtrt","CSRVTRT","CSRVTRT1","2009-2010","2012-2016",2,"CURRENTLY RECEIVING TREATMENT FOR CANCER","CURRENTLY RECEIVING TREATMENT FOR CANCER",1,FALSE,"code-set-differs","only in CSRVTRT: {}; only in CSRVTRT1: {4,3}","","verified?","FALSE","medium","same concept but the code set changed; note the diff"
"csrvtrt","CSRVTRT1","CSRVTRT2","2012-2016","2017-2018",1,"CURRENTLY RECEIVING TREATMENT FOR CANCER","CURRENTLY RECEIVING TREATMENT FOR CANCER",1,FALSE,"code-set-differs","only in CSRVTRT1: {}; only in CSRVTRT2: {5}","","verified?","FALSE","medium","same concept but the code set changed; note the diff"
"csrvtrt","CSRVTRT2","CSRVTRT3","2017-2018","2019-2024",1,"CURRENTLY RECEIVING TREATMENT FOR CANCER","CURRENTLY RECEIVING TREATMENT FOR CANCER",1,TRUE,"label-wording-differs","code 5: 'Treatment was not needed' -> 'Treatment was not necessary'","","verified?","check","medium","codes identical but answer wording changed; judge whether meaning moved"
"cstate","CSTATE","CSTATE1","2011-2015","2016-2024",1,"ARE YOU A RESIDENT OF [STATE]?","DO YOU CURRENTLY LIVE IN  ____(STATE)___",0.29,TRUE,"none","","","verified?","TRUE","medium","codes and answer labels identical; check question wording in the codebook if the estimate matters"
"cvdcrhd","CVDCRHD2","CVDCRHD3","2001-2004","2005-2006",1,"EVER TOLD HAD CORONARY HEART DISEASE","ANGINA OR CORONARY HEART DISEASE",0.43,TRUE,"label-wording-differs","code 7: 'Do not know/Not sure' -> 'Don’t know/Not sure'","","verified?","check","medium","codes identical but answer wording changed; judge whether meaning moved"
"cvdcrhd","CVDCRHD3","CVDCRHD4","2005-2006","2007-2024",1,"ANGINA OR CORONARY HEART DISEASE","EVER DIAGNOSED WITH ANGINA OR CORONARY H",0.25,TRUE,"none","","","verified?","TRUE","medium","codes and answer labels identical; check question wording in the codebook if the estimate matters"
"cvdexr","CVDEXR02","CVDEXR03","1996-2000","2001-2004",1,"ARE YOU EXERCISING MORE","RED HRT ATTK RISK: PHYS ACTIVITY",0,FALSE,"code-set-differs","only in CVDEXR02: {}; only in CVDEXR03: {7}","","verified?","FALSE","medium","same concept but the code set changed; note the diff"
"cvdinfr","CVDINFR2","CVDINFR3","2001-2004","2005-2006",1,"EVER TOLD HAD MYOCARDIAL INFARCTION","EVER DIAGNOSED WITH HEART ATTACK",0.11,TRUE,"label-wording-differs","code 7: 'Do not know/Not sure' -> 'Don’t know/Not sure'","","verified?","check","medium","codes identical but answer wording changed; judge whether meaning moved"
"cvdstrk","CVDSTRK2","CVDSTRK3","2001-2004","2005-2024",1,"EVER TOLD HAD STROKE","EVER DIAGNOSED WITH A STROKE",0.33,TRUE,"label-wording-differs","code 7: 'Do not know/Not sure' -> 'Don’t know/Not sure'","","verified?","check","medium","codes identical but answer wording changed; judge whether meaning moved"
"denstr","_DENSTR","_DENSTR2","1996-2001","2002-2012",1,"DENSITY STRATUM","HOUSEHOLD DENSITY STRATUM CODE",0.5,FALSE,"code-set-differs","only in _DENSTR: {}; only in _DENSTR2: {3,9}","","verified?","FALSE","medium","same concept but the code set changed; note the diff"
"diabage","DIABAGE","DIABAGE2","1993-1999","2000-2018",1,"AGE WHEN TOLD DIABETIC","AGE WHEN TOLD HAD DIABETES",0.5,FALSE,"code-set-differs","only in DIABAGE: {}; only in DIABAGE2: {98}","","verified?","FALSE","medium","same concept but the code set changed; note the diff"
"diabedu","DIABEDU","DIABEDU1","2000-2021","2022-2024",1,"EVER TAKEN CLASS IN MANAGING DIABETES","WHEN WAS THE LAST TIME YOU TOOK A COURSE",0,FALSE,"code-set-differs","only in DIABEDU: {}; only in DIABEDU1: {3,8,5,6,4}","","verified?","FALSE","medium","same concept but the code set changed; note the diff"
"diabeye","DIABEYE","DIABEYE1","2000-2021","2022-2024",1,"EVER TOLD DIABETES HAS AFFECTED EYES","WHEN WAS THE LAST TIME A THEY TOOK A PHO",0,FALSE,"code-set-differs","only in DIABEYE: {}; only in DIABEYE1: {4,8,3}","","verified?","FALSE","medium","same concept but the code set changed; note the diff"
"drnkany","DRNKANY2","DRNKANY3","2001-2001","2002-2004",1,"DRINK IN LAST 30 DAYS","CONSUMED ALCOHOL IN PAST 30 DAYS",0.29,FALSE,"code-set-differs","only in DRNKANY2: {8}; only in DRNKANY3: {7}","","verified?","FALSE","medium","same concept but the code set changed; note the diff"
"drnkany","DRNKANY3","DRNKANY4","2002-2004","2005-2010",1,"CONSUMED ALCOHOL IN PAST 30 DAYS","DRINK ANY ALCOHOLIC BEVERAGES IN PAST 30",0.22,TRUE,"label-wording-differs","code 9: 'Refused/Missing' -> 'Refused' | code 7: 'Do not know/Not Sure' -> 'Don’t know/Not Sure'","","verified?","check","medium","codes identical but answer wording changed; judge whether meaning moved"
"drnkany","DRNKANY4","DRNKANY5","2005-2010","2011-2021",1,"DRINK ANY ALCOHOLIC BEVERAGES IN PAST 30","DRINK ANY ALCOHOLIC BEVERAGES IN PAST 30",1,TRUE,"label-wording-differs","code 9: 'Refused' -> 'Refused/Missing'","","verified?","check","medium","codes identical but answer wording changed; judge whether meaning moved"
"drnkdy","_DRNKDY2","_DRNKDY3","2002-2004","2005-2010",1,"NUMBER OF ALCOHOL DRINKS PER DAY","COMPUTED NUMBER OF DRINKS OF ALCOHOL BEV",0.43,TRUE,"label-wording-differs","code 9900: 'Do not know/Not sure/Refused/Missing' -> 'Don’t know/Not sure/Refused/Missing'","","verified?","check","medium","codes identical but answer wording changed; judge whether meaning moved"
"drnkloc","DRNKLOC","DRNKLOC1","2003-2004","2008-2008",4,"WHERE WERE YOU WHEN YOU BINGE DRANK","WHERE WERE YOU WHEN YOU BINGE DRANK",1,TRUE,"label-wording-differs","code 1: 'At your home, for example, your house, apartment, condominium, or dorm room' -> 'At your home, for example, your house, apartment, or dorm room' | code 7: 'Do not know/Not Sure' -> 'Don’t know/Not Sure'","","verified?","check","medium","codes identical but answer wording changed; judge whether meaning moved"
"drnkmo","_DRNKMO","_DRNKMO2","1985-2001","2002-2004",1,"TOTAL NUMBER DRINKS A MONTH","NUMBER OF ALCOHOL DRINKS PER MONTH",0.5,TRUE,"label-wording-differs","code 0: 'NONE' -> 'Did not drink in the past month' | code 9999: 'UNK/REF' -> 'Do not know/Refused/Missing'","","verified?","check","medium","codes identical but answer wording changed; judge whether meaning moved"
"drnkmo","_DRNKMO2","_DRNKMO3","2002-2004","2005-2010",1,"NUMBER OF ALCOHOL DRINKS PER MONTH","COMPUTED TOTAL NUMBER DRINKS A MONTH",0.43,TRUE,"label-wording-differs","code 9999: 'Do not know/Refused/Missing' -> 'Don’t know/Refused/Missing'","","verified?","check","medium","codes identical but answer wording changed; judge whether meaning moved"
"ecignow","ECIGNOW","ECIGNOW1","2016-2020","2021-2021",1,"DO YOU NOW USE E-CIGARETTES, EVERY DAY,","DO YOU NOW USE E-CIGARETTES, EVERY DAY,",1,FALSE,"code-set-differs","only in ECIGNOW: {}; only in ECIGNOW1: {4}","","verified?","FALSE","medium","same concept but the code set changed; note the diff"
"ecignow","ECIGNOW1","ECIGNOW2","2021-2021","2022-2023",1,"DO YOU NOW USE E-CIGARETTES, EVERY DAY,","DO YOU NOW USE E-CIGARETTES, OR VAPING P",0.6,TRUE,"label-wording-differs","code 1: 'Every day' -> 'Never used e-cigarettes in your entire life' | code 3: 'Not at all' -> 'Use them some days' | code 2: 'Some days' -> 'Use them every day' | code 4: 'Never used e-cigs' -> 'Not at all (right now)'","","verified?","check","medium","codes identical but answer wording changed; judge whether meaning moved"
"ecignow","ECIGNOW2","ECIGNOW3","2022-2023","2024-2024",1,"DO YOU NOW USE E-CIGARETTES, OR VAPING P","DO YOU NOW USE E-CIGARETTES, OR VAPING P",1,TRUE,"label-wording-differs","code 4: 'Not at all (right now)' -> 'Used them in the past but do not currently use them at all'","","verified?","check","medium","codes identical but answer wording changed; judge whether meaning moved"
"employ","EMPLOY","EMPLOY1","1985-2012","2013-2024",1,"EMPLOYMENT STATUS","EMPLOYMENT STATUS",1,TRUE,"label-wording-differs","code 3: 'Out of work for more than 1 year' -> 'Out of work for 1 year or more' | code 4: 'Out of work for less that 1 year' -> 'Out of work for less than 1 year'","","verified?","check","medium","codes identical but answer wording changed; judge whether meaning moved"
"exerany","EXERANY","EXERANY2","1985-2000","2001-2024",1,"PARTICIPATE IN ANY PHYSICAL ACTIVITY","EXERCISE IN PAST 30 DAYS",0,FALSE,"code-set-differs","only in EXERANY: {}; only in EXERANY2: {7}","","verified?","FALSE","medium","same concept but the code set changed; note the diff"
"exteth","_EXTETH2","_EXTETH3","2006-2016","2018-2024",2,"RISK FACTOR FOR HAVING HAD PERMANENT TEE","RISK FACTOR FOR HAVING HAD PERMANENT TEE",1,TRUE,"label-wording-differs","code 2: 'At risk' -> 'Yes' | code 1: 'Not at risk' -> 'No'","","verified?","check","medium","codes identical but answer wording changed; judge whether meaning moved"
"facilit","FACILIT2","FACILIT3","1998-2001","2002-2002",1,"KIND OF PLACE YOU GO TO MOST OFTEN","KIND OF PLACE YOU GO TO MOST OFTEN",1,FALSE,"code-set-differs","only in FACILIT2: {}; only in FACILIT3: {6,7}","","verified?","FALSE","medium","same concept but the code set changed; note the diff"
"fallinj","FALLINJ","FALLINJ2","2003-2003","2006-2016",3,"INJURED IN FALL IN PAST THREE MONTHS","INJURED IN FALL",0.4,FALSE,"code-set-differs","only in FALLINJ: {1,2,7,9}; only in FALLINJ2: {77,88,99}","","verified?","FALSE","medium","same concept but the code set changed; note the diff"
"fallinj","FALLINJ4","FALLINJ5","2020-2020","2023-2023",3,"INJURED IN FALL","INJURED IN FALL OR HAD TO SEE DOCTOR",0.4,TRUE,"none","","","verified?","TRUE","medium","codes and answer labels identical; check question wording in the codebook if the estimate matters"
"firearm","FIREARM3","FIREARM4","2001-2001","2002-2017",1,"FIREARMS IN HOME","ANY FIREARMS IN HOME",0.67,FALSE,"code-set-differs","only in FIREARM3: {8}; only in FIREARM4: {7}","","verified?","FALSE","medium","same concept but the code set changed; note the diff"
"firearm","FIREARM4","FIREARM5","2002-2017","2021-2024",4,"ANY FIREARMS IN HOME","ANY FIREARMS IN HOME",1,TRUE,"none","","","verified?","TRUE","medium","codes and answer labels identical; check question wording in the codebook if the estimate matters"
"flshot","_FLSHOT2","_FLSHOT3","2004-2004","2005-2009",1,"RISK FACTOR FOR RESPONDENTS AGED 65+ THA","FLU SHOT CALCULATED VARIABLE",0,TRUE,"label-wording-differs","code 1: 'Not at risk' -> 'Yes' | code 2: 'At risk' -> 'No' | code 9: 'Do not Know/Not Sure Or Refused/Missing' -> 'Don’t know/Not Sure Or Refused/Missing'","","verified?","check","medium","codes identical but answer wording changed; judge whether meaning moved"
"flushot","FLUSHOT2","FLUSHOT3","2004-2004","2005-2009",1,"HAD FLU SHOT IN PAST 12 MONTHS","FLU SHOT PAST 12 MOS",0.57,TRUE,"label-wording-differs","code 7: 'Do not know/Not Sure' -> 'Don’t know/Not Sure'","","verified?","check","medium","codes identical but answer wording changed; judge whether meaning moved"
"fruit","FRUIT","FRUIT1","1990-2009","2011-2015",2,"HOW OFTEN DO YOU EAT FRUIT","HOW MANY TIMES DID YOU EAT FRUIT?",0.44,FALSE,"code-set-differs","only in FRUIT: {}; only in FRUIT1: {300}","","verified?","FALSE","medium","same concept but the code set changed; note the diff"
"fruit","FRUIT1","FRUIT2","2011-2015","2017-2021",2,"HOW MANY TIMES DID YOU EAT FRUIT?","HOW MANY TIMES DID YOU EAT FRUIT?",1,TRUE,"label-wording-differs","code 300: 'Less than one time per month' -> 'Less than once a month'","","verified?","check","medium","codes identical but answer wording changed; judge whether meaning moved"
"fruitju","FRUITJU1","FRUITJU2","2011-2015","2017-2021",2,"HOW MANY TIMES DID YOU DRINK 100 PERCENT","HOW MANY TIMES DID YOU DRINK 100 PERCENT",1,TRUE,"label-wording-differs","code 300: 'Less than one time per month' -> 'Less than once a month'","","verified?","check","medium","codes identical but answer wording changed; judge whether meaning moved"
"fvgreen","FVGREEN","FVGREEN1","2011-2015","2017-2021",2,"HOW MANY TIMES DID YOU EAT DARK GREEN VE","HOW MANY TIMES DID YOU EAT DARK GREEN VE",1,TRUE,"label-wording-differs","code 300: 'Less than one time per month' -> 'Less than once a month'","","verified?","check","medium","codes identical but answer wording changed; judge whether meaning moved"
"hadhyst","HADHYST","HADHYST2","1988-2000","2001-2024",1,"EVER HAD A HYSTERECTOMY","HAD HYSTERECTOMY",0.67,FALSE,"code-set-differs","only in HADHYST: {}; only in HADHYST2: {7}","","verified?","FALSE","medium","same concept but the code set changed; note the diff"
"hadpap","HADPAP","HADPAP2","1988-2003","2004-2020",1,"EVER HAD A PAP SMEAR TEST","EVER HAD A PAP TEST",0.8,TRUE,"label-wording-differs","code 7: 'Do not know/Not sure' -> 'Don’t know/Not sure'","","verified?","check","medium","codes identical but answer wording changed; judge whether meaning moved"
"hadsigm","HADSIGM","HADSIGM2","1999-2000","2001-2003",1,"EVER HAD A SIGMOIDOSCOPY/COLONOSCOPY","EVER HAD A SIGMOIDOSCOPY/COLONOSCOPY",1,FALSE,"code-set-differs","only in HADSIGM: {}; only in HADSIGM2: {7}","","verified?","FALSE","medium","same concept but the code set changed; note the diff"
"hadsigm","HADSIGM2","HADSIGM3","2001-2003","2004-2019",1,"EVER HAD A SIGMOIDOSCOPY/COLONOSCOPY","EVER HAD SIGMOIDOSCOPY/COLONOSCOPY",1,TRUE,"label-wording-differs","code 7: 'Do not know/Not Sure' -> 'Don’t know/Not Sure'","","verified?","check","medium","codes identical but answer wording changed; judge whether meaning moved"
"height","HEIGHT","HEIGHT2","1985-2003","2004-2004",1,"REPORTED HEIGHT IN FEET AND INCHES","REPORTED HEIGHT IN FEET AND INCHES",1,FALSE,"code-set-differs","only in HEIGHT: {777,999}; only in HEIGHT2: {9999,7777}","","verified?","FALSE","medium","same concept but the code set changed; note the diff"
"height","HEIGHT2","HEIGHT3","2004-2004","2005-2024",1,"REPORTED HEIGHT IN FEET AND INCHES","REPORTED HEIGHT IN FEET AND INCHES",1,TRUE,"label-wording-differs","code 7777: 'Do not know/Not sure' -> 'Don’t know/Not sure'","","verified?","check","medium","codes identical but answer wording changed; judge whether meaning moved"
"hivrisk","HIVRISK","HIVRISK2","1996-2001","2002-2010",1,"ANY HIGH RISK SITUATIONS APPLY","DO ANY HIGH RISK SITUATIONS APPLY",0.83,FALSE,"code-set-differs","only in HIVRISK: {8}; only in HIVRISK2: {7}","","verified?","FALSE","medium","same concept but the code set changed; note the diff"
"hivrisk","HIVRISK3","HIVRISK4","2011-2012","2016-2016",4,"DO ANY HIGH RISK SITUATIONS APPLY","DO ANY HIGH RISK SITUATIONS APPLY",1,TRUE,"none","","","verified?","TRUE","medium","codes and answer labels identical; check question wording in the codebook if the estimate matters"
"hivtst","HIVTST4","HIVTST5","2004-2004","2005-2010",1,"EVER TSTD FOR HIV OTHR THAN BLOOD DONATN","EVER TESTED HIV",0.22,TRUE,"label-wording-differs","code 7: 'Do not know/Not Sure' -> 'Don’t know/Not Sure'","","verified?","check","medium","codes identical but answer wording changed; judge whether meaning moved"
"hivtst","HIVTST6","HIVTST7","2011-2018","2019-2024",1,"EVER TESTED HIV","EVER TESTED H.I.V.",0.33,TRUE,"none","","","verified?","TRUE","medium","codes and answer labels identical; check question wording in the codebook if the estimate matters"
"howsafe","HOWSAFE","HOWSAFE1","1996-1999","2017-2024",18,"HOW SAFE IS NEIGHBORHOOD FROM CRIME","NEIGHBORHOOD SAFE FROM CRIME",0.67,FALSE,"code-set-differs","only in HOWSAFE: {}; only in HOWSAFE1: {7}","","verified?","FALSE","medium","same concept but the code set changed; note the diff"
"hpvadvc","HPVADVC2","HPVADVC3","2010-2018","2019-2019",1,"EVER HAD THE HPV VACCINATION?","EVER HAD THE HPV VACCINATION?",1,FALSE,"code-set-differs","only in HPVADVC2: {3}; only in HPVADVC3: {}","","verified?","FALSE","medium","same concept but the code set changed; note the diff"
"hpvadvc","HPVADVC3","HPVADVC4","2019-2019","2020-2024",1,"EVER HAD THE HPV VACCINATION?","EVER HAD AN H.P.V. VACCINATION?",0.43,FALSE,"code-set-differs","only in HPVADVC3: {}; only in HPVADVC4: {3}","","verified?","FALSE","medium","same concept but the code set changed; note the diff"
"htin","HTIN","HTIN2","2001-2002","2003-2003",1,"Reported height in inches.","REPORTED HEIGHT IN INCHES.",1,FALSE,"code-set-differs","only in HTIN: {99}; only in HTIN2: {999}","","verified?","FALSE","medium","same concept but the code set changed; note the diff"
"htin","HTIN2","HTIN3","2003-2003","2004-2010",1,"REPORTED HEIGHT IN INCHES.","COMPUTED HEIGHT IN INCHES",0.5,TRUE,"label-wording-differs","code 999: 'Do Not Know/Refused' -> 'Don’t know/Refused/Missing'","","verified?","check","medium","codes identical but answer wording changed; judge whether meaning moved"
"htm","HTM2","HTM3","2003-2003","2004-2010",1,"REPORTED HEIGHT IN METERS.","COMPUTED HEIGHT IN METERS",0.5,TRUE,"label-wording-differs","code 999: 'Do not know/Refused/Missing' -> 'Don’t know/Refused/Missing'","","verified?","check","medium","codes identical but answer wording changed; judge whether meaning moved"
"imfvpla","IMFVPLA1","IMFVPLA2","2019-2020","2021-2021",1,"WHERE DID YOU GET YOUR LAST FLU SHOT/VAC","WHERE DID YOU GET YOUR LAST FLU SHOT/VAC",1,FALSE,"code-set-differs","only in IMFVPLA1: {}; only in IMFVPLA2: {12}","","verified?","FALSE","medium","same concept but the code set changed; note the diff"
"imfvpla","IMFVPLA2","IMFVPLA3","2021-2021","2022-2022",1,"WHERE DID YOU GET YOUR LAST FLU SHOT/VAC","WHERE DID YOU GET YOUR LAST FLU SHOT/VAC",1,FALSE,"code-set-differs","only in IMFVPLA2: {12}; only in IMFVPLA3: {}","","verified?","FALSE","medium","same concept but the code set changed; note the diff"
"imfvpla","IMFVPLA3","IMFVPLA4","2022-2022","2023-2023",1,"WHERE DID YOU GET YOUR LAST FLU SHOT/VAC","WHERE DID YOU GET YOUR LAST FLU SHOT/VAC",1,TRUE,"label-wording-differs","code 11: 'A drive though location at some other place than listed above' -> 'A school' | code 10: 'A school' -> 'Received vaccination in Canada/Mexico'","","verified?","check","medium","codes identical but answer wording changed; judge whether meaning moved"
"imfvpla","IMFVPLA4","IMFVPLA5","2023-2023","2024-2024",1,"WHERE DID YOU GET YOUR LAST FLU SHOT/VAC","WHERE DID YOU GET YOUR LAST FLU SHOT/VAC",1,FALSE,"code-set-differs","only in IMFVPLA4: {}; only in IMFVPLA5: {12}","","verified?","FALSE","medium","same concept but the code set changed; note the diff"
"income","INCOME2","INCOME3","1996-2020","2021-2024",1,"INCOME LEVEL","INCOME LEVEL",1,FALSE,"code-set-differs","only in INCOME2: {}; only in INCOME3: {11,10,9}","","verified?","FALSE","medium","same concept but the code set changed; note the diff"
"incomg","_INCOMG","_INCOMG1","2003-2020","2021-2024",1,"COMPUTED INCOME CATEGORIES","COMPUTED INCOME CATEGORIES",1,FALSE,"code-set-differs","only in _INCOMG: {}; only in _INCOMG1: {6,7}","","verified?","FALSE","medium","same concept but the code set changed; note the diff"
"insulin","INSULIN","INSULIN1","1993-2018","2019-2024",1,"NOW TAKING INSULIN","NOW TAKING INSULIN",1,FALSE,"code-set-differs","only in INSULIN: {}; only in INSULIN1: {7}","","verified?","FALSE","medium","same concept but the code set changed; note the diff"
"jointrt","JOINTRT","JOINTRT2","2001-2001","2002-2007",1,"SEEN DOC FOR JOINT SYMPTOMS","TREATED FOR JOINT SYMPTOMS",0.5,FALSE,"code-set-differs","only in JOINTRT: {8}; only in JOINTRT2: {7}","","verified?","FALSE","medium","same concept but the code set changed; note the diff"
"landsex","LANDSEX","LANDSEX1","2019-2021","2022-2022",1,"ARE YOU MALE OR FEMALE?","ARE YOU MALE OR FEMALE?",1,FALSE,"code-set-differs","only in LANDSEX: {}; only in LANDSEX1: {3}","","verified?","FALSE","medium","same concept but the code set changed; note the diff"
"landsex","LANDSEX1","LANDSEX2","2022-2022","2023-2023",1,"ARE YOU MALE OR FEMALE?","ARE YOU MALE OR FEMALE?",1,FALSE,"code-set-differs","only in LANDSEX1: {3}; only in LANDSEX2: {}","","verified?","FALSE","medium","same concept but the code set changed; note the diff"
"lastden","LASTDEN2","LASTDEN3","1999-2004","2005-2016",1,"HOW LONG SINCE LAST DENTIST VISIT","LAST VISITED DENTIST OR DENTAL CLINIC",0.22,TRUE,"label-wording-differs","code 1: 'Within the past year (< 12 months ago)' -> 'Within the past year (anytime less than 12 months ago)' | code 2: 'Within the past 2 years (1 year but < 2 years ago)' -> 'Within the past 2 years (1 year but less than 2 years ago)' | code 3: 'Within the past 5 years (2 years but < 5 years ago)' -> 'Within the past 5 years (2 years but less than 5 years ago)' | code 7: 'Do not know/Not sure' -> 'Don’t know/Not sure'","","verified?","check","medium","codes identical but answer wording changed; judge whether meaning moved"
"lastden","LASTDEN3","LASTDEN4","2005-2016","2018-2024",2,"LAST VISITED DENTIST OR DENTAL CLINIC","LAST VISITED DENTIST OR DENTAL CLINIC",1,TRUE,"label-wording-differs","code 3: 'Within the past 5 years (2 years but less than 5 years ago)' -> 'Within the past 5 years (2 years but < 5 years ago)' | code 1: 'Within the past year (anytime less than 12 months ago)' -> 'Within the past year (anytime < 12 months ago)' | code 2: 'Within the past 2 years (1 year but less than 2 years ago)' -> 'Within the past 2 years (1 year but < 2 years ago)'","","verified?","check","medium","codes identical but answer wording changed; judge whether meaning moved"
"lastpap","LASTPAP","LASTPAP2","1988-2003","2004-2020",1,"WHEN WAS LAST PAP SMEAR","HOW LONG SINCE LAST PAP TEST",0.22,TRUE,"label-wording-differs","code 1: 'Within the past year (< 12 months ago)' -> 'Within the past year (anytime less than 12 months ago)' | code 2: 'Within the past 2 years (1 year but < 2 years ago)' -> 'Within the past 2 years (1 year but less than 2 years ago)' | code 3: 'Within the past 3 years (2 years but < 3 years ago)' -> 'Within the past 3 years (2 years but less than 3 years ago)' | code 4: 'Within the past 5 years (3 years but < 5 years ago)' -> 'Within the past 5 years (3 years but less than 5 years ago)' | code 7: 'Do not know/Not sure' -> 'Don’t know/Not sure'","","verified?","check","medium","codes identical but answer wording changed; judge whether meaning moved"
"lastsig","LASTSIG2","LASTSIG3","2001-2007","2008-2019",1,"TIME SINCE LAST SIGMOIDOSCOPY/COLONOSCOP","TIME SINCE LAST SIGMOIDOSCOPY/COLONOSCOP",1,FALSE,"code-set-differs","only in LASTSIG2: {}; only in LASTSIG3: {6}","","verified?","FALSE","medium","same concept but the code set changed; note the diff"
"lastsig","LASTSIG3","LASTSIG4","2008-2019","2021-2024",2,"TIME SINCE LAST SIGMOIDOSCOPY/COLONOSCOP","TIME SINCE LAST SIGMOIDOSCOPY/COLONOSCOP",1,FALSE,"code-set-differs","only in LASTSIG3: {6}; only in LASTSIG4: {}","","verified?","FALSE","medium","same concept but the code set changed; note the diff"
"lastsmk","LASTSMK","LASTSMK1","2001-2003","2009-2010",6,"TIME SINCE LAST SMOKED REGULARLY","INTERVAL SINCE LAST SMOKED",0.5,FALSE,"code-set-differs","only in LASTSMK: {}; only in LASTSMK1: {8}","","verified?","FALSE","medium","same concept but the code set changed; note the diff"
"lstblds","LSTBLDS2","LSTBLDS3","2001-2007","2008-2019",1,"TIME SINCE LAST BLOOD STOOL TEST","TIME SINCE LAST BLOOD STOOL TEST",1,FALSE,"code-set-differs","only in LSTBLDS2: {}; only in LSTBLDS3: {5}","","verified?","FALSE","medium","same concept but the code set changed; note the diff"
"lstblds","LSTBLDS3","LSTBLDS4","2008-2019","2020-2020",1,"TIME SINCE LAST BLOOD STOOL TEST","HOW LONG SINCE YOU HAD BLOOD STOOL TEST?",0.4,TRUE,"none","","","verified?","TRUE","medium","codes and answer labels identical; check question wording in the codebook if the estimate matters"
"medcost","MEDCOST","MEDCOST1","1991-2020","2021-2024",1,"COULD NOT SEE DR. BECAUSE OF COST","COULD NOT AFFORD TO SEE DOCTOR",0.38,TRUE,"none","","","verified?","TRUE","medium","codes and answer labels identical; check question wording in the codebook if the estimate matters"
"nobcuse","NOBCUSE","NOBCUSE2","2002-2002","2004-2006",2,"REASON NOT USING BIRTH CONTROL","WHAT IS MAIN REASON FOR NOT USING BIRTH",0.44,FALSE,"code-set-differs","only in NOBCUSE: {17,18}; only in NOBCUSE2: {}","","verified?","FALSE","medium","same concept but the code set changed; note the diff"
"nobcuse","NOBCUSE2","NOBCUSE3","2004-2006","2010-2010",4,"WHAT IS MAIN REASON FOR NOT USING BIRTH","WHAT IS MAIN REASON FOR NOT USING BIRTH",1,FALSE,"code-set-differs","only in NOBCUSE2: {}; only in NOBCUSE3: {17}","","verified?","FALSE","medium","same concept but the code set changed; note the diff"
"nobcuse","NOBCUSE3","NOBCUSE4","2010-2010","2011-2011",1,"WHAT IS MAIN REASON FOR NOT USING BIRTH","WHAT WAS MAIN REASON FOR NOT DOING ANYTH",0.45,FALSE,"code-set-differs","only in NOBCUSE3: {}; only in NOBCUSE4: {18}","","verified?","FALSE","medium","same concept but the code set changed; note the diff"
"nobcuse","NOBCUSE4","NOBCUSE6","2011-2011","2017-2017",6,"WHAT WAS MAIN REASON FOR NOT DOING ANYTH","WHAT WAS MAIN REASON FOR NOT DOING ANYTH",1,FALSE,"code-set-differs","only in NOBCUSE4: {}; only in NOBCUSE6: {19}","","verified?","FALSE","medium","same concept but the code set changed; note the diff"
"nobcuse","NOBCUSE7","NOBCUSE8","2019-2019","2022-2024",3,"WHAT WAS MAIN REASON FOR NOT DOING ANYTH","WHAT WAS MAIN REASON FOR NOT DOING ANYTH",1,FALSE,"code-set-differs","only in NOBCUSE7: {16,15,19,18,17}; only in NOBCUSE8: {}","","verified?","FALSE","medium","same concept but the code set changed; note the diff"
"numburn","NUMBURN","NUMBURN2","1999-2004","2010-2016",6,"NUMBER OF SUNBURNS IN PAST 12 MONTHS","NUMBER OF SUNBURNS IN PAST 12 MONTHS",1,FALSE,"code-set-differs","only in NUMBURN: {6}; only in NUMBURN2: {8}","","verified?","FALSE","medium","same concept but the code set changed; note the diff"
"numburn","NUMBURN2","NUMBURN3","2010-2016","2018-2023",2,"NUMBER OF SUNBURNS IN PAST 12 MONTHS","NUMBER OF SUNBURNS IN PAST 12 MONTHS",1,FALSE,"code-set-differs","only in NUMBURN2: {9,8,7,5,3,2,1,4}; only in NUMBURN3: {999,777}","","verified?","FALSE","medium","same concept but the code set changed; note the diff"
"numphon","NUMPHON2","NUMPHON3","2001-2017","2018-2021",1,"RESIDENTIAL PHONES","RESIDENTIAL PHONES",1,FALSE,"code-set-differs","only in NUMPHON2: {1,5,2,3,4}; only in NUMPHON3: {8}","","verified?","FALSE","medium","same concept but the code set changed; note the diff"
"orace","ORACE","ORACE2","1985-2000","2001-2012",1,"ORIGINAL REPORTED RACE","RESPONDENT RACE CHOICE",0.2,FALSE,"code-set-differs","only in ORACE: {}; only in ORACE2: {8,6,7}","","verified?","FALSE","medium","same concept but the code set changed; note the diff"
"pacat","_PACAT1","_PACAT2","2013-2017","2019-2019",2,"PHYSICAL ACTIVITY CATEGORIES","PHYSICAL ACTIVITY CATEGORIES",1,FALSE,"code-set-differs","only in _PACAT1: {9}; only in _PACAT2: {}","","verified?","FALSE","medium","same concept but the code set changed; note the diff"
"pacat","_PACAT2","_PACAT3","2019-2019","2023-2023",4,"PHYSICAL ACTIVITY CATEGORIES","PHYSICAL ACTIVITY CATEGORIES",1,FALSE,"code-set-differs","only in _PACAT2: {}; only in _PACAT3: {9}","","verified?","FALSE","medium","same concept but the code set changed; note the diff"
"paindx","_PAINDX2","_PAINDX3","2019-2019","2023-2023",4,"PHYSICAL ACTIVITY INDEX","PHYSICAL ACTIVITY INDEX",1,TRUE,"none","","","verified?","TRUE","medium","codes and answer labels identical; check question wording in the codebook if the estimate matters"
"parec","_PAREC2","_PAREC3","2019-2019","2023-2023",4,"AEROBIC AND STRENGTHENING GUIDELINE","AEROBIC AND STRENGTHENING GUIDELINE",1,TRUE,"none","","","verified?","TRUE","medium","codes and answer labels identical; check question wording in the codebook if the estimate matters"
"pastae","_PASTAE2","_PASTAE3","2019-2019","2023-2023",4,"AEROBIC AND STRENGTHENING (2-LEVEL)","AEROBIC AND STRENGTHENING (2-LEVEL)",1,TRUE,"none","","","verified?","TRUE","medium","codes and answer labels identical; check question wording in the codebook if the estimate matters"
"pcpsars","PCPSARS1","PCPSARS2","2012-2020","2021-2024",1,"WHAT WAS THE MAIN REASON YOU HAD THIS PS","WHAT WAS THE MAIN REASON YOU HAD THIS PS",1,FALSE,"code-set-differs","only in PCPSARS1: {4,5}; only in PCPSARS2: {}","","verified?","FALSE","medium","same concept but the code set changed; note the diff"
"pcsaids","PCSAIDS","PCSAIDS2","1996-1999","2001-2004",2,"DOCTOR TALKED ABOUT SEXUAL PRACTICES","TOLD BY DOC ABOUT STD PREV BY CONDOMS",0.09,FALSE,"code-set-differs","only in PCSAIDS: {3,4}; only in PCSAIDS2: {7}","","verified?","FALSE","medium","same concept but the code set changed; note the diff"
"pcstalk","PCSTALK","PCSTALK1","2021-2021","2022-2022",1,"DID YOU TALK ABOUT THE ADVANTAGES OR DIS","DID YOU TALK ABOUT THE ADVANTAGES OR DIS",1,TRUE,"label-wording-differs","code 4: 'Neither discussed' -> 'Neither'","","verified?","check","medium","codes identical but answer wording changed; judge whether meaning moved"
"persdoc","PERSDOC2","PERSDOC3","2001-2020","2021-2024",1,"MULTIPLE HEALTH CARE PROFESSIONALS","HAVE PERSONAL HEALTH CARE PROVIDER?",0.29,TRUE,"none","","","verified?","TRUE","medium","codes and answer labels identical; check question wording in the codebook if the estimate matters"
"pfpprvn","PFPPRVN2","PFPPRVN3","2017-2017","2019-2019",2,"DID YOU DO ANYTHING TO KEEP FROM GETTING","DID YOU DO ANYTHING TO KEEP FROM GETTING",1,FALSE,"code-set-differs","only in PFPPRVN2: {5}; only in PFPPRVN3: {}","","verified?","FALSE","medium","same concept but the code set changed; note the diff"
"pfpprvn","PFPPRVN3","PFPPRVN4","2019-2019","2022-2024",3,"DID YOU DO ANYTHING TO KEEP FROM GETTING","DID YOU DO ANYTHING TO KEEP FROM GETTING",1,FALSE,"code-set-differs","only in PFPPRVN3: {4,3}; only in PFPPRVN4: {}","","verified?","FALSE","medium","same concept but the code set changed; note the diff"
"pneuvac","PNEUVAC2","PNEUVAC3","2001-2004","2005-2017",1,"EVER HAD PNEUMONIA VACCINATION","PNEUMONIA SHOT EVER",0.4,TRUE,"label-wording-differs","code 7: 'Do not know/Not Sure' -> 'Don’t know/Not Sure'","","verified?","check","medium","codes identical but answer wording changed; judge whether meaning moved"
"prace","_PRACE","_PRACE1","2001-2012","2013-2021",1,"COMPUTED PREFERRED RACE","COMPUTED PREFERRED RACE",1,TRUE,"label-wording-differs","code 3: 'Asian' -> 'American Indian or Alaskan Native' | code 4: 'Native Hawaiian or other Pacific Islander' -> 'Asian' | code 5: 'American Indian or Alaskan Native' -> 'Native Hawaiian or other Pacific Islander' | code 8: 'Multiracial but preferred race not asked' -> 'Multiracial but preferred race not answered'","","verified?","check","medium","codes identical but answer wording changed; judge whether meaning moved"
"prace","_PRACE1","_PRACE2","2013-2021","2022-2022",1,"COMPUTED PREFERRED RACE","COMPUTED PREFERRED RACE",1,FALSE,"code-set-differs","only in _PRACE1: {8}; only in _PRACE2: {88}","","verified?","FALSE","medium","same concept but the code set changed; note the diff"
"prediab","PREDIAB","PREDIAB1","2008-2008","2009-2021",1,"EVER BEEN TOLD YOU HAVE PRE-DIABETES OR","EVER BEEN TOLD YOU HAVE PRE-DIABETES OR",1,FALSE,"code-set-differs","only in PREDIAB: {}; only in PREDIAB1: {3}","","verified?","FALSE","medium","same concept but the code set changed; note the diff"
"rfbing","_RFBING2","_RFBING3","2002-2004","2005-2005",1,"BINGE DRINKING RISK FACTOR.","BINGE DRINKING CALCULATED VARIABLE",0.33,TRUE,"label-wording-differs","code 1: 'Not at risk for Binge Drinking' -> 'No' | code 2: 'At risk for Binge Drinking' -> 'Yes' | code 9: 'Do not know/Refused/Missing' -> 'Don’t know/Refused/Missing'","","verified?","check","medium","codes identical but answer wording changed; judge whether meaning moved"
"rfbmi","_RFBMI2","_RFBMI3","2000-2002","2003-2003",1,"Risk factor for overweight or obese.","RISK FACTOR FOR OVERWEIGHT OR OBESE.",1,TRUE,"label-wording-differs","code 1: 'Not At Risk' -> 'Not At Risk For Overweight Or Obese (_BMI2 <  2500)' | code 2: 'At Risk' -> 'At Risk For Overweight Or Obese (2500 <= _BMI2 < 9999)' | code 9: 'Do not Know/Not Sure Or Refused/Missing' -> 'Do not know/Refused/Missing'","","verified?","check","medium","codes identical but answer wording changed; judge whether meaning moved"
"rfbmi","_RFBMI3","_RFBMI4","2003-2003","2004-2010",1,"RISK FACTOR FOR OVERWEIGHT OR OBESE.","OVERWEIGHT OR OBESE CALCULATED VARIABLE",0.29,TRUE,"label-wording-differs","code 1: 'Not At Risk For Overweight Or Obese (_BMI2 <  2500)' -> 'No' | code 2: 'At Risk For Overweight Or Obese (2500 <= _BMI2 < 9999)' -> 'Yes' | code 9: 'Do not know/Refused/Missing' -> 'Don’t know/Refused/Missing'","","verified?","check","medium","codes identical but answer wording changed; judge whether meaning moved"
"rfdrhv","_RFDRHV2","_RFDRHV3","2002-2004","2005-2010",1,"HEAVY DRINKING RISK","HEAVY ALCOHOL CONSUMPTION  CALCULATED VA",0.14,TRUE,"label-wording-differs","code 1: 'Not at risk for heavy drinking' -> 'No' | code 2: 'At risk for heavy drinking' -> 'Yes' | code 9: 'Do not know/Refused/Missing' -> 'Don’t know/Refused/Missing'","","verified?","check","medium","codes identical but answer wording changed; judge whether meaning moved"
"rfdrmn","_RFDRMN2","_RFDRMN3","2002-2004","2005-2010",1,"HEAVY DRINKING AMONG MEN RISK FACTOR.","ADULT MEN HEAVY ALCOHOL CONSUMPTION CALC",0.2,TRUE,"label-wording-differs","code 1: 'Men not at risk for heavy drinking' -> 'No' | code 2: 'Men at risk for heavy drinking' -> 'Yes' | code 9: 'Do not know/Refused/Missing' -> 'Don’t know/Refused/Missing'","","verified?","check","medium","codes identical but answer wording changed; judge whether meaning moved"
"rfdrwm","_RFDRWM2","_RFDRWM3","2002-2004","2005-2010",1,"HEAVY DRINKING AMONG FEMALES RISK FACTOR","ADULT WOMEN HEAVY ALCOHOL CONSUMPTION CA",0.09,TRUE,"label-wording-differs","code 1: 'Women not at risk for heavy drinking' -> 'No' | code 2: 'Women at risk for heavy drinking' -> 'Yes' | code 9: 'Do not know/Refused/Missing' -> 'Don’t know/Refused/Missing'","","verified?","check","medium","codes identical but answer wording changed; judge whether meaning moved"
"rfsmok","_RFSMOK2","_RFSMOK3","1993-2004","2005-2024",1,"CURRENT SMOKING STATUS RISK FACTOR.","CURRENT SMOKING CALCULATED VARIABLE",0.29,TRUE,"label-wording-differs","code 1: 'Not at risk (former or non-smoker)' -> 'No' | code 2: 'At risk (current smoker)' -> 'Yes' | code 9: 'Do not know/Refused/Missing' -> 'Don’t know/Refused/Missing'","","verified?","check","medium","codes identical but answer wording changed; judge whether meaning moved"
"rrclass","RRCLASS2","RRCLASS3","2004-2014","2022-2023",8,"HOW DO OTHER PEOPLE USUALLY CLASSIFY YOU","HOW DO OTHER PEOPLE USUALLY CLASSIFY YOU",1,FALSE,"code-set-differs","only in RRCLASS2: {9}; only in RRCLASS3: {99,77}","","verified?","FALSE","medium","same concept but the code set changed; note the diff"
"rremtsm","RREMTSM1","RREMTSM2","2005-2006","2007-2014",1,"TIMES PAST 12 MOS FELT EMOTIONALLY UPSET","TIMES PAST 30 DAYS FELT EMOTIONALLY UPSE",0.4,FALSE,"code-set-differs","only in RREMTSM1: {8,3,5,6,4}; only in RREMTSM2: {}","","verified?","FALSE","medium","same concept but the code set changed; note the diff"
"rrhcare","RRHCARE2","RRHCARE3","2004-2006","2007-2014",1,"WHEN SEEKING HEALTH CARE, HOW DO YOU FEE","WHEN SEEKING HEALTH CARE PAST 12 MONTHS,",0.36,TRUE,"label-wording-differs","code 6: 'Did not seek health care in past 12 months' -> 'No health care in past 12 months'","","verified?","check","medium","codes identical but answer wording changed; judge whether meaning moved"
"rrhcare","RRHCARE3","RRHCARE4","2007-2014","2022-2023",8,"WHEN SEEKING HEALTH CARE PAST 12 MONTHS,","WHEN SEEKING HEALTH CARE PAST 12 MONTHS,",1,FALSE,"code-set-differs","only in RRHCARE3: {6}; only in RRHCARE4: {}","","verified?","FALSE","medium","same concept but the code set changed; note the diff"
"rrphysm","RRPHYSM1","RRPHYSM2","2005-2006","2007-2023",1,"TIMES PAST 12 MOS FELT PHYSICAL SYMPTOMS","TIMES PAST 30 DAYS FELT PHYSICAL SYMPTOM",0.4,FALSE,"code-set-differs","only in RRPHYSM1: {6,8,5,3,4}; only in RRPHYSM2: {}","","verified?","FALSE","medium","same concept but the code set changed; note the diff"
"rsnmrjn","RSNMRJN1","RSNMRJN2","2018-2020","2021-2021",1,"WHAT WAS THE REASON YOU USED MARIJUANA?","WHAT WAS THE REASON YOU USED MARIJUANA?",1,TRUE,"label-wording-differs","code 1: 'For medical reasons (like to treat or decrease symptoms of a health condition)' -> 'For medical reasons' | code 2: 'For non-medical reasons (like to have fun or fit in)' -> 'For non-medical reasons'","","verified?","check","medium","codes identical but answer wording changed; judge whether meaning moved"
"sdhfood","SDHFOOD","SDHFOOD1","2017-2017","2022-2024",5,"NO MONEY FOR FOOD?","HOW OFTEN DID THE FOOD THAT YOU BOUGHT N",0.09,FALSE,"code-set-differs","only in SDHFOOD: {}; only in SDHFOOD1: {5,4}","","verified?","FALSE","medium","same concept but the code set changed; note the diff"
"sex","SEX","SEX1","1985-2017","2018-2018",1,"RESPONDENTS SEX","RESPONDENTS SEX",1,FALSE,"code-set-differs","only in SEX: {}; only in SEX1: {7}","","verified?","FALSE","medium","same concept but the code set changed; note the diff"
"slepday","SLEPDAY","SLEPDAY1","2009-2012","2017-2018",5,"NUMBER OF DAYS IN PAST THIRTY FELL ASLEE","OVER THE LAST 2 WEEKS, HOW MANY DAYS DID",0.08,TRUE,"none","","","verified?","TRUE","medium","codes and answer labels identical; check question wording in the codebook if the estimate matters"
"smkdete","SMKDETE2","SMKDETE3","1998-2000","2003-2003",3,"LAST TIME TESTED SMOKE DETECTORS","LAST TIME SMOKE ALARMS TESTED",0.67,FALSE,"code-set-differs","only in SMKDETE2: {}; only in SMKDETE3: {7}","","verified?","FALSE","medium","same concept but the code set changed; note the diff"
"smoker","_SMOKER2","_SMOKER3","1994-2004","2005-2024",1,"FOUR LEVEL SMOKER STATUS.","COMPUTED SMOKING STATUS",0.17,TRUE,"label-wording-differs","code 9: 'Do not know/Refused/Missing' -> 'Don’t know/Refused/Missing'","","verified?","check","medium","codes identical but answer wording changed; judge whether meaning moved"
"ssbfrut","SSBFRUT2","SSBFRUT3","2013-2016","2017-2024",1,"HOW OFTEN DID YOU DRINK SUGAR-SWEETENED","HOW OFTEN DID YOU DRINK SUGAR-SWEETENED",1,FALSE,"code-set-differs","only in SSBFRUT2: {300}; only in SSBFRUT3: {}","","verified?","FALSE","medium","same concept but the code set changed; note the diff"
"ssbsugr","SSBSUGR1","SSBSUGR2","2012-2012","2016-2024",4,"HOW OFTEN DID YOU DRINK REGULAR SODA OR","HOW OFTEN DID YOU DRINK REGULAR SODA OR",1,FALSE,"code-set-differs","only in SSBSUGR1: {300}; only in SSBSUGR2: {}","","verified?","FALSE","medium","same concept but the code set changed; note the diff"
"telserv","TELSERV","TELSERV2","2003-2004","2005-2009",1,"HOUSEHOLD BEEN WITHOUT PHONE SERVICE IN","LOST PHONE SERVICE ONE WEEK+ LAST 12 MOS",0.18,TRUE,"none","","","verified?","TRUE","medium","codes and answer labels identical; check question wording in the codebook if the estimate matters"
"tetanus","TETANUS","TETANUS1","2013-2017","2018-2024",1,"RECEIVED TETANUS SHOT SINCE 2005?","RECEIVED TETANUS SHOT SINCE 2005?",1,TRUE,"label-wording-differs","code 4: 'No, did not receive any tetanus since 2005' -> 'No, did not receive any tetanus shot in the past 10 years'","","verified?","check","medium","codes identical but answer wording changed; judge whether meaning moved"
"toldhi","TOLDHI","TOLDHI2","1987-2000","2001-2019",1,"EVER TOLD BLOOD CHOLESTEROL HIGH","EVER TOLD BLOOD CHOLESTEROL HIGH",1,FALSE,"code-set-differs","only in TOLDHI: {}; only in TOLDHI2: {7}","","verified?","FALSE","medium","same concept but the code set changed; note the diff"
"typcntr","TYPCNTR2","TYPCNTR3","2002-2002","2004-2004",2,"METHOD BIRTH CONTROL","METHOD BIRTH CONTROL",1,FALSE,"code-set-differs","only in TYPCNTR2: {}; only in TYPCNTR3: {14,15}","","verified?","FALSE","medium","same concept but the code set changed; note the diff"
"typcntr","TYPCNTR3","TYPCNTR4","2004-2004","2006-2006",2,"METHOD BIRTH CONTROL","WHAT METHOD ARE YOU USING?",0.14,TRUE,"label-wording-differs","code 8: 'Shots (Lunelle)' -> 'Contraceptive Ring (Nuvaring or others)' | code 10: 'Diaphragm, cervical ring, or cap (Nuvaring or others)' -> 'Diaphragm, cervical ring, or cap' | code 4: 'Pill' -> 'Pill, all kinds (Seasonale, etc.)' | code 5: 'Condoms' -> 'Condoms (male or female)' | code 3: 'Vasectomy (sterilization)' -> 'Vasectomy (male sterilization)'","","verified?","check","medium","codes identical but answer wording changed; judge whether meaning moved"
"typcntr","TYPCNTR4","TYPCNTR5","2006-2006","2010-2010",4,"WHAT METHOD ARE YOU USING?","WHAT METHOD ARE YOU USING?",1,TRUE,"label-wording-differs","code 1: 'Tubes tied' -> 'Tubes tied  (or female sterilization)' | code 2: 'Hysterectomy (female sterilization)' -> 'Vasectomy (or male sterilization)' | code 3: 'Vasectomy (male sterilization)' -> 'Birth control pills, any kind' | code 4: 'Pill, all kinds (Seasonale, etc.)' -> 'Male condoms' | code 5: 'Condoms (male or female)' -> 'Female condoms' | code 6: 'Contraceptive implants (Jadelle or Implants)' -> 'Contraceptive implant (for example, Implanon)' | code 11: 'IUD (including Mirena)' -> 'Foam, jelly or cream' | code 12: 'Emergency contraception (EC)' -> 'IUD (for example Mirena)' | code 13: 'Withdrawal' -> 'Emergency contraceptive (morning after pill)' | code 14: 'Not having sex at certain times (rhythm)' -> 'Withdrawal (or pulling out)' | code 15: 'Other method (foam, jelly, cream, etc.)' -> 'Other method' | code 9: 'Contraceptive Patch' -> 'Contraceptive patch (for example, Ortho Evra)' | code 10: 'Diaphragm, cervical ring, or cap' -> 'Diaphragm, cervical cap or sponge' | code 7: 'Shots (Depo-Provera)' -> 'Shots (for example, Depo-Provera)' | code 8: 'Contraceptive Ring (Nuvaring or others)' -> 'Contraceptive ring (for example, Nuvaring)'","","verified?","check","medium","codes identical but answer wording changed; judge whether meaning moved"
"typcntr","TYPCNTR5","TYPCNTR6","2010-2010","2011-2011",1,"WHAT METHOD ARE YOU USING?","WHAT DID YOU DO TO KEEP YOU FROM GETTING",0.2,FALSE,"code-set-differs","only in TYPCNTR5: {}; only in TYPCNTR6: {18,16,17}","","verified?","FALSE","medium","same concept but the code set changed; note the diff"
"typcntr","TYPCNTR6","TYPCNTR7","2011-2011","2017-2017",6,"WHAT DID YOU DO TO KEEP YOU FROM GETTING","WHAT DID YOU DO TO KEEP YOU FROM GETTING",1,TRUE,"label-wording-differs","code 4: 'Levonorgestrel(LNG) or hormonal IUD(ex. Mirena)' -> 'Levonorgestrel (LNG) or hormonal IUD (ex. Mirena)'","","verified?","check","medium","codes identical but answer wording changed; judge whether meaning moved"
"typcntr","TYPCNTR7","TYPCNTR8","2017-2017","2019-2019",2,"WHAT DID YOU DO TO KEEP YOU FROM GETTING","WHAT DID YOU DO TO KEEP YOU FROM GETTING",1,TRUE,"label-wording-differs","code 7: 'Shots (ex. Depo-Provera)' -> 'Shots (ex. Depo-Provera or DMPA)' | code 9: 'Contraceptive patch (ex. Ortho Evra)' -> 'Contraceptive patch (ex. Ortho Evra, Xulane)' | code 5: 'Copper-bearing IUD (ex. ParaGard)' -> 'IUD, Copper-bearing (ex. ParaGard)' | code 4: 'Levonorgestrel (LNG) or hormonal IUD (ex. Mirena)' -> 'IUD, Levonorgestrel (LNG) or other hormonal (ex. Mirena, Skyla, Liletta, Kylena)' | code 3: 'Contraceptive implant (ex. Implanon)' -> 'Contraceptive implant (ex. Nexplanon, Jadelle, Sino  Implant, Implanon)'","","verified?","check","medium","codes identical but answer wording changed; judge whether meaning moved"
"typcntr","TYPCNTR8","TYPCNTR9","2019-2019","2022-2024",3,"WHAT DID YOU DO TO KEEP YOU FROM GETTING","WHAT DID YOU DO TO KEEP YOU FROM GETTING",1,FALSE,"code-set-differs","only in TYPCNTR8: {15,16,17,14,13,18}; only in TYPCNTR9: {}","","verified?","FALSE","medium","same concept but the code set changed; note the diff"
"useever","USEEVER","USEEVER2","1986-2000","2001-2004",1,"EVER USED SMOKELESS TOBACCO PRODUCTS","EVER USED SMOKELESS TOBACCO PRODUCTS",1,FALSE,"code-set-differs","only in USEEVER: {3,4}; only in USEEVER2: {7}","","verified?","FALSE","medium","same concept but the code set changed; note the diff"
"useever","USEEVER2","USEEVER3","2001-2004","2008-2008",4,"EVER USED SMOKELESS TOBACCO PRODUCTS","EVER USED SMOKELESS TOBACCO PRODUCTS",1,TRUE,"label-wording-differs","code 7: 'Do not know/Not sure' -> 'Don’t know/Not Sure'","","verified?","check","medium","codes identical but answer wording changed; judge whether meaning moved"
"usemrjn","USEMRJN2","USEMRJN3","2018-2020","2021-2021",1,"DURING THE PAST 30 DAYS, HOW DID YOU PRI","DURING THE PAST 30 DAYS, HOW DID YOU PRI",1,TRUE,"label-wording-differs","code 3: 'Drink it (for example, in tea, cola, alcohol)' -> 'Drink it (for example, in tea, cola, or alcohol)' | code 4: 'Vaporize it (for example, in an e-cigarette-like vaporizer or other vaporizing device)' -> 'Vaporize it (for example, in an e-cigarette-like vaporizer or another vaporizing device)' | code 5: 'Dab it (for example, using waxes or concentrates)' -> 'Dab it (for example, using a dabbing rig, knife, or dab pen)'","","verified?","check","medium","codes identical but answer wording changed; judge whether meaning moved"
"usemrjn","USEMRJN3","USEMRJN4","2021-2021","2022-2024",1,"DURING THE PAST 30 DAYS, HOW DID YOU PRI","DURING THE PAST 30 DAYS, HOW DID YOU PRI",1,FALSE,"code-set-differs","only in USEMRJN3: {6}; only in USEMRJN4: {}","","verified?","FALSE","medium","same concept but the code set changed; note the diff"
"usenow","USENOW","USENOW2","1986-2000","2001-2004",1,"CURRENTLY USE SMOKELESS TOBACCO PRODUCTS","CURRENTLY USE SMOKELESS TOBACCO PRODUCTS",1,FALSE,"code-set-differs","only in USENOW: {4}; only in USENOW2: {7}","","verified?","FALSE","medium","same concept but the code set changed; note the diff"
"usenow","USENOW2","USENOW3","2001-2004","2008-2024",4,"CURRENTLY USE SMOKELESS TOBACCO PRODUCTS","USE OF SMOKELESS TOBACCO PRODUCTS",0.8,TRUE,"label-wording-differs","code 7: 'Do not know/Not sure' -> 'Don’t know/Not Sure'","","verified?","check","medium","codes identical but answer wording changed; judge whether meaning moved"
"vacare","VACARE","VACARE1","2000-2007","2008-2008",1,"RECEIVED SOME OR ALL OF YOUR HEALTH CARE","RECEIVED SOME OR ALL OF YOUR HEALTH CARE",1,TRUE,"label-wording-differs","code 1: 'Yes, all of my health care' -> 'Yes, all of my healthcare' | code 2: 'Yes, some of my health care' -> 'Yes, some of my healthcare'","","verified?","check","medium","codes identical but answer wording changed; judge whether meaning moved"
"vclntes","VCLNTES1","VCLNTES2","2021-2021","2022-2024",1,"HOW LONG HAS IT BEEN SINCE YOU HAD VIRTU","HOW LONG HAS IT BEEN SINCE YOU HAD VIRTU",1,TRUE,"label-wording-differs","code 3: 'Within the past 3 years (2 years but < 3 years ago)' -> 'Within the past 5 years (2 years but less than 5 years ago)' | code 4: 'Within the past 5 years (3 years but < 5 years ago)' -> 'Within the past 10 years (5 years but less than 10 years ago)' | code 5: '5 or more years ago' -> '10 or more years ago' | code 2: 'Within the past 2 years (1 year but < 2 years ago)' -> 'Within the past 2 years (1 year but less than 2 years ago)' | code 1: 'Within the past year (anytime < 12 months ago)' -> 'Within the past year (anytime less than 12 months ago)'","","verified?","check","medium","codes identical but answer wording changed; judge whether meaning moved"
"vegetab","VEGETAB1","VEGETAB2","2011-2015","2017-2021",2,"HOW MANY TIMES DID YOU EAT OTHER VEGETAB","HOW OFTEN DO YOU EAT FRENCH FRIES OR FRI",0.23,TRUE,"label-wording-differs","code 300: 'Less than one time per month' -> 'Less than once a month'","","verified?","check","medium","codes identical but answer wording changed; judge whether meaning moved"
"veteran","VETERAN1","VETERAN2","2007-2008","2009-2010",1,"ARE YOU A VETERAN","ARE YOU A VETERAN",1,FALSE,"code-set-differs","only in VETERAN1: {}; only in VETERAN2: {3,4,5}","","verified?","FALSE","medium","same concept but the code set changed; note the diff"
"veteran","VETERAN2","VETERAN3","2009-2010","2011-2024",1,"ARE YOU A VETERAN","ARE YOU A VETERAN",1,FALSE,"code-set-differs","only in VETERAN2: {3,4,5}; only in VETERAN3: {}","","verified?","FALSE","medium","same concept but the code set changed; note the diff"
"victrct","VICTRCT2","VICTRCT3","2006-2010","2011-2011",1,"HLTH CARE PRO SAID NOW HAVE CATARACTS","HLTH CARE PRO SAID NOW HAVE CATARACTS",1,FALSE,"code-set-differs","only in VICTRCT2: {8}; only in VICTRCT3: {}","","verified?","FALSE","medium","same concept but the code set changed; note the diff"
"victrct","VICTRCT3","VICTRCT4","2011-2011","2012-2015",1,"HLTH CARE PRO SAID NOW HAVE CATARACTS","HLTH CARE PRO SAID NOW HAVE CATARACTS",1,FALSE,"code-set-differs","only in VICTRCT3: {}; only in VICTRCT4: {8}","","verified?","FALSE","medium","same concept but the code set changed; note the diff"
"weight","WEIGHT","WEIGHT2","1985-2003","2004-2024",1,"REPORTED WEIGHT IN POUNDS","REPORTED WEIGHT IN POUNDS",1,FALSE,"code-set-differs","only in WEIGHT: {777,999}; only in WEIGHT2: {7777,9999}","","verified?","FALSE","medium","same concept but the code set changed; note the diff"
"whydone","WHYDONE","WHYDONE3","1987-2001","2003-2003",2,"REASON YOU HAD MAMMOGRAM","WAS MAMMOGRAM(S) DONE TO CHECK PROBLEM",0.11,FALSE,"code-set-differs","only in WHYDONE: {3}; only in WHYDONE3: {7}","","verified?","FALSE","medium","same concept but the code set changed; note the diff"
"wtkg","WTKG","WTKG2","2001-2003","2004-2010",1,"REPORTED WEIGHT IN KILOGRAMS.","COMPUTED WEIGHT IN KILOGRAMS",0.5,TRUE,"label-wording-differs","code 99999: 'Do not know/Refused/Missing' -> 'Don’t know/Refused/Missing'","","verified?","check","medium","codes identical but answer wording changed; judge whether meaning moved"
"addepev","ADDEPEV","ADDEPEV2","2006-2010","2011-2018",1,"EVER TOLD YOU HAD A DEPRESSIVE DISORDER","EVER TOLD YOU HAD A DEPRESSIVE DISORDER",1,TRUE,"none","","","verified?","TRUE","high","codes and answer labels identical; check question wording in the codebook if the estimate matters"
"addepev","ADDEPEV2","ADDEPEV3","2011-2018","2019-2024",1,"EVER TOLD YOU HAD A DEPRESSIVE DISORDER","(EVER TOLD) YOU HAD A DEPRESSIVE DISORDE",0.71,TRUE,"none","","","verified?","TRUE","high","codes and answer labels identical; check question wording in the codebook if the estimate matters"
"adeat","ADEAT","ADEAT1","2006-2006","2008-2015",2,"DAYS ATE TOO LITTLE OR TOO MUCH","DAYS ATE TOO LITTLE OR TOO MUCH",1,TRUE,"none","","","verified?","TRUE","high","codes and answer labels identical; check question wording in the codebook if the estimate matters"
"aidtst","_AIDTST2","_AIDTST3","2004-2010","2011-2018",1,"EVER BEEN TESTED FOR HIV CALCULATED VARI","EVER BEEN TESTED FOR HIV CALCULATED VARI",1,TRUE,"none","","","verified?","TRUE","high","codes and answer labels identical; check question wording in the codebook if the estimate matters"
"aidtst","_AIDTST3","_AIDTST4","2011-2018","2019-2024",1,"EVER BEEN TESTED FOR HIV CALCULATED VARI","EVER BEEN TESTED FOR HIV CALCULATED VARI",1,TRUE,"none","","","verified?","TRUE","high","codes and answer labels identical; check question wording in the codebook if the estimate matters"
"alteth","_ALTETH2","_ALTETH3","2006-2016","2018-2024",2,"ADULTS AGED 65+ WHO HAVE HAD ALL THEIR N","ADULTS AGED 65+ WHO HAVE HAD ALL THEIR N",1,TRUE,"none","","","verified?","TRUE","high","codes and answer labels identical; check question wording in the codebook if the estimate matters"
"asthma","ASTHMA2","ASTHMA3","2001-2010","2011-2024",1,"EVER TOLD HAD ASTHMA","EVER TOLD HAD ASTHMA",1,TRUE,"none","","","verified?","TRUE","high","codes and answer labels identical; check question wording in the codebook if the estimate matters"
"avedrnk","AVEDRNK3","AVEDRNK4","2019-2023","2024-2024",1,"AVG ALCOHOLIC DRINKS PER DAY IN PAST 30","AVG ALCOHOLIC DRINKS PER DAY IN PAST 30",1,TRUE,"none","","","verified?","TRUE","high","codes and answer labels identical; check question wording in the codebook if the estimate matters"
"bmi","_BMI2","_BMI3","2000-2002","2003-2003",1,"Body Mass Index.","BODY MASS INDEX.",1,TRUE,"none","","","verified?","TRUE","high","codes and answer labels identical; check question wording in the codebook if the estimate matters"
"cellsex","CELLSEX2","CELLSEX3","2023-2023","2024-2024",1,"ARE YOU MALE OR FEMALE?","ARE YOU MALE OR FEMALE?",1,TRUE,"none","","","verified?","TRUE","high","codes and answer labels identical; check question wording in the codebook if the estimate matters"
"chccopd","CHCCOPD","CHCCOPD1","2011-2011","2012-2018",1,"(EVER TOLD) YOU HAVE (COPD) CHRONIC OBST","(EVER TOLD) YOU HAVE (COPD) CHRONIC OBST",1,TRUE,"none","","","verified?","TRUE","high","codes and answer labels identical; check question wording in the codebook if the estimate matters"
"chccopd","CHCCOPD1","CHCCOPD2","2012-2018","2019-2020",1,"(EVER TOLD) YOU HAVE (COPD) CHRONIC OBST","(EVER TOLD) YOU HAD (COPD) CHRONIC OBSTR",0.56,TRUE,"none","","","verified?","TRUE","high","codes and answer labels identical; check question wording in the codebook if the estimate matters"
"chckdny","CHCKDNY1","CHCKDNY2","2018-2018","2019-2024",1,"(EVER TOLD) YOU HAVE KIDNEY DISEASE?","EVER TOLD YOU HAVE KIDNEY DISEASE?",1,TRUE,"none","","","verified?","TRUE","high","codes and answer labels identical; check question wording in the codebook if the estimate matters"
"cholch","_CHOLCH1","_CHOLCH2","2017-2017","2019-2019",2,"CHOLESTEROL CHECKED CALCULATED VARIABLE","CHOLESTEROL CHECKED CALCULATED VARIABLE",1,TRUE,"none","","","verified?","TRUE","high","codes and answer labels identical; check question wording in the codebook if the estimate matters"
"cholch","_CHOLCH2","_CHOLCH3","2019-2019","2021-2023",2,"CHOLESTEROL CHECKED CALCULATED VARIABLE","CHOLESTEROL CHECKED CALCULATED VARIABLE",1,TRUE,"none","","","verified?","TRUE","high","codes and answer labels identical; check question wording in the codebook if the estimate matters"
"cholchk","CHOLCHK2","CHOLCHK3","2019-2019","2021-2023",2,"HOW LONG SINCE CHOLESTEROL CHECKED","HOW LONG SINCE CHOLESTEROL CHECKED",1,TRUE,"none","","","verified?","TRUE","high","codes and answer labels identical; check question wording in the codebook if the estimate matters"
"cholmed","CHOLMED1","CHOLMED2","2017-2017","2019-2019",2,"CURRENTLY TAKING MEDICINE FOR HIGH CHOLE","CURRENTLY TAKING MEDICINE FOR HIGH CHOLE",1,TRUE,"none","","","verified?","TRUE","high","codes and answer labels identical; check question wording in the codebook if the estimate matters"
"cholmed","CHOLMED2","CHOLMED3","2019-2019","2021-2023",2,"CURRENTLY TAKING MEDICINE FOR HIGH CHOLE","CURRENTLY TAKING MEDICINE FOR HIGH CHOLE",1,TRUE,"none","","","verified?","TRUE","high","codes and answer labels identical; check question wording in the codebook if the estimate matters"
"clnscp","_CLNSCP1","_CLNSCP2","2022-2022","2024-2024",2,"RESPONDENTS AGED 45-75 WHO HAVE HAD A CO","RESPONDENTS AGED 45-75 WHO HAVE HAD A CO",1,TRUE,"none","","","verified?","TRUE","high","codes and answer labels identical; check question wording in the codebook if the estimate matters"
"cprace","_CPRACE","_CPRACE1","2014-2020","2021-2021",1,"PREFERRED CHILD RACE CATEGORIES","PREFERRED CHILD RACE CATEGORIES",1,TRUE,"none","","","verified?","TRUE","high","codes and answer labels identical; check question wording in the codebook if the estimate matters"
"crcrec","_CRCREC1","_CRCREC2","2020-2020","2022-2022",2,"RESPONDENTS AGED 50-75 WHO HAVE FULLY ME","RESPONDENTS AGED 45-75 WHO HAVE FULLY ME",0.78,TRUE,"none","","","verified?","TRUE","high","codes and answer labels identical; check question wording in the codebook if the estimate matters"
"crcrec","_CRCREC2","_CRCREC3","2022-2022","2024-2024",2,"RESPONDENTS AGED 45-75 WHO HAVE FULLY ME","RESPONDENTS AGED 45-75 WHO HAVE FULLY ME",1,TRUE,"none","","","verified?","TRUE","high","codes and answer labels identical; check question wording in the codebook if the estimate matters"
"crgvhou","CRGVHOU1","CRGVHOU2","2019-2023","2024-2024",1,"MANAGED HOUSEHOLD TASKS","MANAGED HOUSEHOLD TASKS",1,TRUE,"none","","","verified?","TRUE","high","codes and answer labels identical; check question wording in the codebook if the estimate matters"
"crgvmst","CRGVMST2","CRGVMST3","2015-2017","2018-2018",1,"WHICH SUPPORT DO YOU MOST NEED THAT YOU","WHICH SUPPORT DO YOU MOST NEED THAT YOU",1,TRUE,"none","","","verified?","TRUE","high","codes and answer labels identical; check question wording in the codebook if the estimate matters"
"crgvper","CRGVPER1","CRGVPER2","2019-2023","2024-2024",1,"MANAGED PERSONAL CARE","MANAGED PERSONAL CARE",1,TRUE,"none","","","verified?","TRUE","high","codes and answer labels identical; check question wording in the codebook if the estimate matters"
"cureci","_CURECI1","_CURECI2","2021-2021","2022-2023",1,"CURRENT E-CIGARETTE USER CALCULATED VARI","CURRENT E-CIGARETTE USER CALCULATED VARI",1,TRUE,"none","","","verified?","TRUE","high","codes and answer labels identical; check question wording in the codebook if the estimate matters"
"cureci","_CURECI2","_CURECI3","2022-2023","2024-2024",1,"CURRENT E-CIGARETTE USER CALCULATED VARI","CURRENT E-CIGARETTE USER CALCULATED VARI",1,TRUE,"none","","","verified?","TRUE","high","codes and answer labels identical; check question wording in the codebook if the estimate matters"
"cvdinfr","CVDINFR3","CVDINFR4","2005-2006","2007-2024",1,"EVER DIAGNOSED WITH HEART ATTACK","EVER DIAGNOSED WITH HEART ATTACK",1,TRUE,"none","","","verified?","TRUE","high","codes and answer labels identical; check question wording in the codebook if the estimate matters"
"denvst","_DENVST1","_DENVST2","2006-2010","2012-2016",2,"ADULTS THAT HAVE VISITED A DENTIST, DENT","ADULTS WHO HAVE VISITED A DENTIST, DENTA",0.5,TRUE,"none","","","verified?","TRUE","high","codes and answer labels identical; check question wording in the codebook if the estimate matters"
"denvst","_DENVST2","_DENVST3","2012-2016","2018-2024",2,"ADULTS WHO HAVE VISITED A DENTIST, DENTA","ADULTS WHO HAVE VISITED A DENTIST, DENTA",1,TRUE,"none","","","verified?","TRUE","high","codes and answer labels identical; check question wording in the codebook if the estimate matters"
"diabage","DIABAGE2","DIABAGE3","2000-2018","2019-2021",1,"AGE WHEN TOLD HAD DIABETES","AGE WHEN TOLD DIABETES",0.8,TRUE,"none","","","verified?","TRUE","high","codes and answer labels identical; check question wording in the codebook if the estimate matters"
"diabage","DIABAGE3","DIABAGE4","2019-2021","2022-2024",1,"AGE WHEN TOLD DIABETES","AGE WHEN FIRST TOLD YOU HAD DIABETES",0.57,TRUE,"none","","","verified?","TRUE","high","codes and answer labels identical; check question wording in the codebook if the estimate matters"
"diabete","DIABETE2","DIABETE3","2004-2010","2011-2018",1,"EVER TOLD BY DOCTOR YOU HAVE DIABETES","(EVER TOLD) YOU HAVE DIABETES",0.71,TRUE,"none","","","verified?","TRUE","high","codes and answer labels identical; check question wording in the codebook if the estimate matters"
"diabete","DIABETE3","DIABETE4","2011-2018","2019-2024",1,"(EVER TOLD) YOU HAVE DIABETES","(EVER TOLD) YOU HAD DIABETES",0.67,TRUE,"none","","","verified?","TRUE","high","codes and answer labels identical; check question wording in the codebook if the estimate matters"
"drnkany","DRNKANY5","DRNKANY6","2011-2021","2022-2024",1,"DRINK ANY ALCOHOLIC BEVERAGES IN PAST 30","DRINK ANY ALCOHOLIC BEVERAGES IN PAST 30",1,TRUE,"none","","","verified?","TRUE","high","codes and answer labels identical; check question wording in the codebook if the estimate matters"
"drnkdy","_DRNKDY3","_DRNKDY4","2005-2010","2011-2014",1,"COMPUTED NUMBER OF DRINKS OF ALCOHOL BEV","COMPUTED NUMBER OF DRINKS OF ALCOHOL BEV",1,TRUE,"none","","","verified?","TRUE","high","codes and answer labels identical; check question wording in the codebook if the estimate matters"
"drnkmo","_DRNKMO3","_DRNKMO4","2005-2010","2011-2014",1,"COMPUTED TOTAL NUMBER DRINKS A MONTH","COMPUTED TOTAL NUMBER DRINKS A MONTH",1,TRUE,"none","","","verified?","TRUE","high","codes and answer labels identical; check question wording in the codebook if the estimate matters"
"drnkwk","_DRNKWK1","_DRNKWK2","2019-2021","2022-2023",1,"COMPUTED NUMBER OF DRINKS OF ALCOHOL BEV","COMPUTED NUMBER OF DRINKS OF ALCOHOL BEV",1,TRUE,"none","","","verified?","TRUE","high","codes and answer labels identical; check question wording in the codebook if the estimate matters"
"drnkwk","_DRNKWK2","_DRNKWK3","2022-2023","2024-2024",1,"COMPUTED NUMBER OF DRINKS OF ALCOHOL BEV","COMPUTED NUMBER OF DRINKS OF ALCOHOL BEV",1,TRUE,"none","","","verified?","TRUE","high","codes and answer labels identical; check question wording in the codebook if the estimate matters"
"eyeexam","EYEEXAM","EYEEXAM1","1994-2017","2018-2024",1,"LAST EYE EXAM WHERE PUPILS WERE DILATED","LAST EYE EXAM WHERE PUPILS WERE DILATED",1,TRUE,"none","","","verified?","TRUE","high","codes and answer labels identical; check question wording in the codebook if the estimate matters"
"fallinj","FALLINJ2","FALLINJ3","2006-2016","2018-2018",2,"INJURED IN FALL","INJURED IN FALL",1,TRUE,"none","","","verified?","TRUE","high","codes and answer labels identical; check question wording in the codebook if the estimate matters"
"fallinj","FALLINJ3","FALLINJ4","2018-2018","2020-2020",2,"INJURED IN FALL","INJURED IN FALL",1,TRUE,"none","","","verified?","TRUE","high","codes and answer labels identical; check question wording in the codebook if the estimate matters"
"flshot","_FLSHOT3","_FLSHOT4","2005-2009","2010-2010",1,"FLU SHOT CALCULATED VARIABLE","FLU SHOT CALCULATED VARIABLE",1,TRUE,"none","","","verified?","TRUE","high","codes and answer labels identical; check question wording in the codebook if the estimate matters"
"flshot","_FLSHOT4","_FLSHOT5","2010-2010","2011-2012",1,"FLU SHOT CALCULATED VARIABLE","FLU SHOT CALCULATED VARIABLE",1,TRUE,"none","","","verified?","TRUE","high","codes and answer labels identical; check question wording in the codebook if the estimate matters"
"flshot","_FLSHOT5","_FLSHOT6","2011-2012","2013-2018",1,"FLU SHOT CALCULATED VARIABLE","FLU SHOT CALCULATED VARIABLE",1,TRUE,"none","","","verified?","TRUE","high","codes and answer labels identical; check question wording in the codebook if the estimate matters"
"flshot","_FLSHOT6","_FLSHOT7","2013-2018","2019-2024",1,"FLU SHOT CALCULATED VARIABLE","FLU SHOT CALCULATED VARIABLE",1,TRUE,"none","","","verified?","TRUE","high","codes and answer labels identical; check question wording in the codebook if the estimate matters"
"flshtmy","FLSHTMY1","FLSHTMY2","2010-2010","2011-2018",1,"WHEN RECEIVED MOST RECENT SEASONAL FLU S","WHEN RECEIVED MOST RECENT SEASONAL FLU S",1,TRUE,"none","","","verified?","TRUE","high","codes and answer labels identical; check question wording in the codebook if the estimate matters"
"flshtmy","FLSHTMY2","FLSHTMY3","2011-2018","2019-2024",1,"WHEN RECEIVED MOST RECENT SEASONAL FLU S","WHEN RECEIVED MOST RECENT SEASONAL FLU S",1,TRUE,"none","","","verified?","TRUE","high","codes and answer labels identical; check question wording in the codebook if the estimate matters"
"flushch","FLUSHCH1","FLUSHCH2","2009-2009","2010-2012",1,"HAD FLU SHOT PAST 12 MOS","HAD SEASONAL FLU SHOT PAST 12 MOS",0.86,TRUE,"none","","","verified?","TRUE","high","codes and answer labels identical; check question wording in the codebook if the estimate matters"
"flushot","FLUSHOT","FLUSHOT2","1987-2003","2004-2004",1,"HAD FLU SHOT IN PAST 12 MONTHS","HAD FLU SHOT IN PAST 12 MONTHS",1,TRUE,"none","","","verified?","TRUE","high","codes and answer labels identical; check question wording in the codebook if the estimate matters"
"flushot","FLUSHOT3","FLUSHOT4","2005-2009","2010-2010",1,"FLU SHOT PAST 12 MOS","SEASONAL FLU SHOT PAST 12 MOS",0.83,TRUE,"none","","","verified?","TRUE","high","codes and answer labels identical; check question wording in the codebook if the estimate matters"
"flushot","FLUSHOT4","FLUSHOT5","2010-2010","2011-2012",1,"SEASONAL FLU SHOT PAST 12 MOS","SEASONAL FLU SHOT/SPRAY PAST 12 MOS",0.86,TRUE,"none","","","verified?","TRUE","high","codes and answer labels identical; check question wording in the codebook if the estimate matters"
"flushot","FLUSHOT5","FLUSHOT6","2011-2012","2013-2018",1,"SEASONAL FLU SHOT/SPRAY PAST 12 MOS","ADULT FLU SHOT/SPRAY PAST 12 MOS",0.75,TRUE,"none","","","verified?","TRUE","high","codes and answer labels identical; check question wording in the codebook if the estimate matters"
"flushot","FLUSHOT6","FLUSHOT7","2013-2018","2019-2024",1,"ADULT FLU SHOT/SPRAY PAST 12 MOS","ADULT FLU SHOT/SPRAY PAST 12 MOS",1,TRUE,"none","","","verified?","TRUE","high","codes and answer labels identical; check question wording in the codebook if the estimate matters"
"fluspry","FLUSPRY2","FLUSPRY3","2005-2009","2010-2010",1,"FLU SPRAY PAST 12 MOS","SEASONAL FLU SPRAY PAST 12 MOS",0.83,TRUE,"none","","","verified?","TRUE","high","codes and answer labels identical; check question wording in the codebook if the estimate matters"
"gpwelpr","GPWELPR2","GPWELPR3","2007-2007","2008-2012",1,"HOUSEHOLD PREPARED TO HANDLE LARGE-SCALE","HOUSEHOLD PREPARED TO HANDLE LARGE-SCALE",1,TRUE,"none","","","verified?","TRUE","high","codes and answer labels identical; check question wording in the codebook if the estimate matters"
"hadsigm","HADSIGM3","HADSIGM4","2004-2019","2021-2024",2,"EVER HAD SIGMOIDOSCOPY/COLONOSCOPY","EVER HAD SIGMOIDOSCOPY/COLONOSCOPY",1,TRUE,"none","","","verified?","TRUE","high","codes and answer labels identical; check question wording in the codebook if the estimate matters"
"harehab","HAREHAB","HAREHAB1","2005-2007","2009-2017",2,"OUTPATIENT REHAB AFTER HEART ATTACK HOSP","OUTPATIENT REHAB AFTER HEART ATTACK HOSP",1,TRUE,"none","","","verified?","TRUE","high","codes and answer labels identical; check question wording in the codebook if the estimate matters"
"hivrisk","HIVRISK2","HIVRISK3","2002-2010","2011-2012",1,"DO ANY HIGH RISK SITUATIONS APPLY","DO ANY HIGH RISK SITUATIONS APPLY",1,TRUE,"none","","","verified?","TRUE","high","codes and answer labels identical; check question wording in the codebook if the estimate matters"
"hivrisk","HIVRISK4","HIVRISK5","2016-2016","2017-2024",1,"DO ANY HIGH RISK SITUATIONS APPLY","DO ANY HIGH RISK SITUATIONS APPLY",1,TRUE,"none","","","verified?","TRUE","high","codes and answer labels identical; check question wording in the codebook if the estimate matters"
"hivtst","HIVTST3","HIVTST4","2001-2003","2004-2004",1,"EVER TSTD FOR HIV OTHR THAN BLOOD DONATN","EVER TSTD FOR HIV OTHR THAN BLOOD DONATN",1,TRUE,"none","","","verified?","TRUE","high","codes and answer labels identical; check question wording in the codebook if the estimate matters"
"hivtst","HIVTST5","HIVTST6","2005-2010","2011-2018",1,"EVER TESTED HIV","EVER TESTED HIV",1,TRUE,"none","","","verified?","TRUE","high","codes and answer labels identical; check question wording in the codebook if the estimate matters"
"hivtstd","HIVTSTD2","HIVTSTD3","2002-2010","2011-2024",1,"MONTH AND YEAR OF LAST HIV TEST","MONTH AND YEAR OF LAST HIV TEST",1,TRUE,"none","","","verified?","TRUE","high","codes and answer labels identical; check question wording in the codebook if the estimate matters"
"hlthpl","_HLTHPL1","_HLTHPL2","2023-2023","2024-2024",1,"HAVE ANY HEALTH INSURANCE","HAVE ANY HEALTH INSURANCE",1,TRUE,"none","","","verified?","TRUE","high","codes and answer labels identical; check question wording in the codebook if the estimate matters"
"hpvadvc","HPVADVC","HPVADVC2","2008-2009","2010-2018",1,"EVER HAD THE HPV VACCINATION?","EVER HAD THE HPV VACCINATION?",1,TRUE,"none","","","verified?","TRUE","high","codes and answer labels identical; check question wording in the codebook if the estimate matters"
"htin","HTIN3","HTIN4","2004-2010","2011-2024",1,"COMPUTED HEIGHT IN INCHES","COMPUTED HEIGHT IN INCHES",1,TRUE,"none","","","verified?","TRUE","high","codes and answer labels identical; check question wording in the codebook if the estimate matters"
"htm","HTM","HTM2","2001-2002","2003-2003",1,"Reported height in meters.","REPORTED HEIGHT IN METERS.",1,TRUE,"none","","","verified?","TRUE","high","codes and answer labels identical; check question wording in the codebook if the estimate matters"
"htm","HTM3","HTM4","2004-2010","2011-2024",1,"COMPUTED HEIGHT IN METERS","COMPUTED HEIGHT IN METERS",1,TRUE,"none","","","verified?","TRUE","high","codes and answer labels identical; check question wording in the codebook if the estimate matters"
"ipvphyv","IPVPHYV1","IPVPHYV2","2006-2006","2007-2007",1,"SEX PARTNER EVER ATTEMPTED VIOLENCE","SEX PARTNER EVER ATTEMPTED VIOLENCE",1,TRUE,"none","","","verified?","TRUE","high","codes and answer labels identical; check question wording in the codebook if the estimate matters"
"joinpai","JOINPAI1","JOINPAI2","2017-2017","2019-2023",2,"HOW BAD WAS JOINT PAIN","HOW BAD WAS JOINT PAIN",1,TRUE,"none","","","verified?","TRUE","high","codes and answer labels identical; check question wording in the codebook if the estimate matters"
"landsex","LANDSEX2","LANDSEX3","2023-2023","2024-2024",1,"ARE YOU MALE OR FEMALE?","ARE YOU MALE OR FEMALE?",1,TRUE,"none","","","verified?","TRUE","high","codes and answer labels identical; check question wording in the codebook if the estimate matters"
"lastsmk","LASTSMK1","LASTSMK2","2009-2010","2011-2024",1,"INTERVAL SINCE LAST SMOKED","INTERVAL SINCE LAST SMOKED",1,TRUE,"none","","","verified?","TRUE","high","codes and answer labels identical; check question wording in the codebook if the estimate matters"
"lmtact","_LMTACT1","_LMTACT2","2013-2017","2019-2019",2,"LIMITED USUAL ACTIVITIES","LIMITED USUAL ACTIVITIES",1,TRUE,"none","","","verified?","TRUE","high","codes and answer labels identical; check question wording in the codebook if the estimate matters"
"lmtact","_LMTACT2","_LMTACT3","2019-2019","2021-2021",2,"LIMITED USUAL ACTIVITIES","LIMITED USUAL ACTIVITIES",1,TRUE,"none","","","verified?","TRUE","high","codes and answer labels identical; check question wording in the codebook if the estimate matters"
"lmtjoin","LMTJOIN2","LMTJOIN3","2002-2009","2011-2023",2,"LIMITED BECAUSE OF JOINT SYMPTOMS","LIMITED BECAUSE OF JOINT SYMPTOMS",1,TRUE,"none","","","verified?","TRUE","high","codes and answer labels identical; check question wording in the codebook if the estimate matters"
"lmtwrk","_LMTWRK1","_LMTWRK2","2013-2017","2019-2019",2,"LIMITED WORK ACTIVITIES","LIMITED WORK ACTIVITIES",1,TRUE,"none","","","verified?","TRUE","high","codes and answer labels identical; check question wording in the codebook if the estimate matters"
"lmtwrk","_LMTWRK2","_LMTWRK3","2019-2019","2021-2021",2,"LIMITED WORK ACTIVITIES","LIMITED WORK ACTIVITIES",1,TRUE,"none","","","verified?","TRUE","high","codes and answer labels identical; check question wording in the codebook if the estimate matters"
"nobcuse","NOBCUSE6","NOBCUSE7","2017-2017","2019-2019",2,"WHAT WAS MAIN REASON FOR NOT DOING ANYTH","WHAT WAS MAIN REASON FOR NOT DOING ANYTH",1,TRUE,"none","","","verified?","TRUE","high","codes and answer labels identical; check question wording in the codebook if the estimate matters"
"numhhol","NUMHHOL2","NUMHHOL3","2001-2017","2018-2021",1,"HOUSEHOLD TELEPHONES","HOUSEHOLD TELEPHONES",1,TRUE,"none","","","verified?","TRUE","high","codes and answer labels identical; check question wording in the codebook if the estimate matters"
"numhhol","NUMHHOL3","NUMHHOL4","2018-2021","2022-2024",1,"HOUSEHOLD TELEPHONES","HOUSEHOLD LANDLINE TELEPHONES",0.67,TRUE,"none","","","verified?","TRUE","high","codes and answer labels identical; check question wording in the codebook if the estimate matters"
"numphon","NUMPHON3","NUMPHON4","2018-2021","2022-2024",1,"RESIDENTIAL PHONES","RESIDENTIAL LANDLINE PHONES",0.67,TRUE,"none","","","verified?","TRUE","high","codes and answer labels identical; check question wording in the codebook if the estimate matters"
"paindx","_PAINDX1","_PAINDX2","2013-2017","2019-2019",2,"PHYSICAL ACTIVITY INDEX","PHYSICAL ACTIVITY INDEX",1,TRUE,"none","","","verified?","TRUE","high","codes and answer labels identical; check question wording in the codebook if the estimate matters"
"parec","_PAREC","_PAREC1","2011-2011","2013-2017",2,"AEROBIC AND STRENGTHENING GUIDELINE","AEROBIC AND STRENGTHENING GUIDELINE",1,TRUE,"none","","","verified?","TRUE","high","codes and answer labels identical; check question wording in the codebook if the estimate matters"
"parec","_PAREC1","_PAREC2","2013-2017","2019-2019",2,"AEROBIC AND STRENGTHENING GUIDELINE","AEROBIC AND STRENGTHENING GUIDELINE",1,TRUE,"none","","","verified?","TRUE","high","codes and answer labels identical; check question wording in the codebook if the estimate matters"
"pastae","_PASTAE1","_PASTAE2","2013-2017","2019-2019",2,"AEROBIC AND STRENGTHENING (2-LEVEL)","AEROBIC AND STRENGTHENING (2-LEVEL)",1,TRUE,"none","","","verified?","TRUE","high","codes and answer labels identical; check question wording in the codebook if the estimate matters"
"pcpsaad","PCPSAAD1","PCPSAAD2","2012-2012","2013-2016",1,"HAS A HEALTH PROFESSIONAL EVER TALKED WI","HAS A HEALTH PROFESSIONAL EVER TALKED WI",1,TRUE,"none","","","verified?","TRUE","high","codes and answer labels identical; check question wording in the codebook if the estimate matters"
"pcpsaad","PCPSAAD2","PCPSAAD3","2013-2016","2018-2020",2,"HAS A HEALTH PROFESSIONAL EVER TALKED WI","HAS A HEALTH PROFESSIONAL EVER TALKED WI",1,TRUE,"none","","","verified?","TRUE","high","codes and answer labels identical; check question wording in the codebook if the estimate matters"
"pcstalk","PCSTALK1","PCSTALK2","2022-2022","2023-2024",1,"DID YOU TALK ABOUT THE ADVANTAGES OR DIS","DID YOU TALK ABOUT THE ADVANTAGES OR DIS",1,TRUE,"none","","","verified?","TRUE","high","codes and answer labels identical; check question wording in the codebook if the estimate matters"
"pneumo","_PNEUMO2","_PNEUMO3","2005-2017","2018-2024",1,"PNEUMONIA VACCINATION CALCULATED VARIABL","PNEUMONIA VACCINATION CALCULATED VARIABL",1,TRUE,"none","","","verified?","TRUE","high","codes and answer labels identical; check question wording in the codebook if the estimate matters"
"pneuvac","PNEUVAC3","PNEUVAC4","2005-2017","2018-2024",1,"PNEUMONIA SHOT EVER","PNEUMONIA SHOT EVER",1,TRUE,"none","","","verified?","TRUE","high","codes and answer labels identical; check question wording in the codebook if the estimate matters"
"prediab","PREDIAB1","PREDIAB2","2009-2021","2022-2024",1,"EVER BEEN TOLD YOU HAVE PRE-DIABETES OR","EVER BEEN TOLD YOU HAVE PRE-DIABETES OR",1,TRUE,"none","","","verified?","TRUE","high","codes and answer labels identical; check question wording in the codebook if the estimate matters"
"primins","PRIMINS1","PRIMINS2","2023-2023","2024-2024",1,"WHAT IS CURRENT PRIMARY SOURCE OF HEALTH","WHAT IS YOUR CURRENT PRIMARY SOURCE OF H",0.62,TRUE,"none","","","verified?","TRUE","high","codes and answer labels identical; check question wording in the codebook if the estimate matters"
"psatest","PSATEST","PSATEST1","2001-2010","2011-2024",1,"EVER HAD PSA TEST","EVER HAD PSA TEST",1,TRUE,"none","","","verified?","TRUE","high","codes and answer labels identical; check question wording in the codebook if the estimate matters"
"psatime","PSATIME","PSATIME1","2001-2020","2021-2024",1,"TIME SINCE LAST PSA TEST","TIME SINCE MOST RECENT PSA TEST",0.57,TRUE,"none","","","verified?","TRUE","high","codes and answer labels identical; check question wording in the codebook if the estimate matters"
"rfbing","_RFBING3","_RFBING4","2005-2005","2006-2010",1,"BINGE DRINKING CALCULATED VARIABLE","BINGE DRINKING CALCULATED VARIABLE",1,TRUE,"none","","","verified?","TRUE","high","codes and answer labels identical; check question wording in the codebook if the estimate matters"
"rfbing","_RFBING4","_RFBING5","2006-2010","2011-2021",1,"BINGE DRINKING CALCULATED VARIABLE","BINGE DRINKING CALCULATED VARIABLE",1,TRUE,"none","","","verified?","TRUE","high","codes and answer labels identical; check question wording in the codebook if the estimate matters"
"rfbing","_RFBING5","_RFBING6","2011-2021","2022-2024",1,"BINGE DRINKING CALCULATED VARIABLE","BINGE DRINKING CALCULATED VARIABLE",1,TRUE,"none","","","verified?","TRUE","high","codes and answer labels identical; check question wording in the codebook if the estimate matters"
"rfbmi","_RFBMI4","_RFBMI5","2004-2010","2011-2024",1,"OVERWEIGHT OR OBESE CALCULATED VARIABLE","OVERWEIGHT OR OBESE CALCULATED VARIABLE",1,TRUE,"none","","","verified?","TRUE","high","codes and answer labels identical; check question wording in the codebook if the estimate matters"
"rfchol","_RFCHOL","_RFCHOL1","1990-2015","2017-2017",2,"HIGH CHOLESTEROL CALCULATED VARIABLE","HIGH CHOLESTEROL CALCULATED VARIABLE",1,TRUE,"none","","","verified?","TRUE","high","codes and answer labels identical; check question wording in the codebook if the estimate matters"
"rfchol","_RFCHOL1","_RFCHOL2","2017-2017","2019-2019",2,"HIGH CHOLESTEROL CALCULATED VARIABLE","HIGH CHOLESTEROL CALCULATED VARIABLE",1,TRUE,"none","","","verified?","TRUE","high","codes and answer labels identical; check question wording in the codebook if the estimate matters"
"rfchol","_RFCHOL2","_RFCHOL3","2019-2019","2021-2023",2,"HIGH CHOLESTEROL CALCULATED VARIABLE","HIGH CHOLESTEROL CALCULATED VARIABLE",1,TRUE,"none","","","verified?","TRUE","high","codes and answer labels identical; check question wording in the codebook if the estimate matters"
"rfdrhv","_RFDRHV3","_RFDRHV4","2005-2010","2011-2014",1,"HEAVY ALCOHOL CONSUMPTION  CALCULATED VA","HEAVY ALCOHOL CONSUMPTION  CALCULATED VA",1,TRUE,"none","","","verified?","TRUE","high","codes and answer labels identical; check question wording in the codebook if the estimate matters"
"rfdrhv","_RFDRHV4","_RFDRHV5","2011-2014","2015-2017",1,"HEAVY ALCOHOL CONSUMPTION  CALCULATED VA","HEAVY ALCOHOL CONSUMPTION  CALCULATED VA",1,TRUE,"none","","","verified?","TRUE","high","codes and answer labels identical; check question wording in the codebook if the estimate matters"
"rfdrhv","_RFDRHV5","_RFDRHV6","2015-2017","2018-2018",1,"HEAVY ALCOHOL CONSUMPTION  CALCULATED VA","HEAVY ALCOHOL CONSUMPTION  CALCULATED VA",1,TRUE,"none","","","verified?","TRUE","high","codes and answer labels identical; check question wording in the codebook if the estimate matters"
"rfdrhv","_RFDRHV6","_RFDRHV7","2018-2018","2019-2021",1,"HEAVY ALCOHOL CONSUMPTION  CALCULATED VA","HEAVY ALCOHOL CONSUMPTION  CALCULATED VA",1,TRUE,"none","","","verified?","TRUE","high","codes and answer labels identical; check question wording in the codebook if the estimate matters"
"rfdrhv","_RFDRHV7","_RFDRHV8","2019-2021","2022-2023",1,"HEAVY ALCOHOL CONSUMPTION  CALCULATED VA","HEAVY ALCOHOL CONSUMPTION  CALCULATED VA",1,TRUE,"none","","","verified?","TRUE","high","codes and answer labels identical; check question wording in the codebook if the estimate matters"
"rfdrhv","_RFDRHV8","_RFDRHV9","2022-2023","2024-2024",1,"HEAVY ALCOHOL CONSUMPTION  CALCULATED VA","HEAVY ALCOHOL CONSUMPTION  CALCULATED VA",1,TRUE,"none","","","verified?","TRUE","high","codes and answer labels identical; check question wording in the codebook if the estimate matters"
"rfdrmn","_RFDRMN3","_RFDRMN4","2005-2010","2011-2014",1,"ADULT MEN HEAVY ALCOHOL CONSUMPTION CALC","ADULT MEN HEAVY ALCOHOL CONSUMPTION CALC",1,TRUE,"none","","","verified?","TRUE","high","codes and answer labels identical; check question wording in the codebook if the estimate matters"
"rfdrwm","_RFDRWM3","_RFDRWM4","2005-2010","2011-2014",1,"ADULT WOMEN HEAVY ALCOHOL CONSUMPTION CA","ADULT WOMEN HEAVY ALCOHOL CONSUMPTION CA",1,TRUE,"none","","","verified?","TRUE","high","codes and answer labels identical; check question wording in the codebook if the estimate matters"
"rmvteth","RMVTETH3","RMVTETH4","2006-2016","2018-2024",2,"NUMBER OF PERMANENT TEETH REMOVED","NUMBER OF PERMANENT TEETH REMOVED",1,TRUE,"none","","","verified?","TRUE","high","codes and answer labels identical; check question wording in the codebook if the estimate matters"
"sbonti","_SBONTI1","_SBONTI2","2022-2022","2024-2024",2,"RESPONDENTS AGED 45-75 WHO HAVE HAD A SI","RESPONDENTS AGED 45-75 WHO HAVE HAD A SI",1,TRUE,"none","","","verified?","TRUE","high","codes and answer labels identical; check question wording in the codebook if the estimate matters"
"sgmscp","_SGMSCP1","_SGMSCP2","2022-2022","2024-2024",2,"RESPONDENTS AGED 45-75 WHO HAVE HAD A SI","RESPONDENTS AGED 45-75 WHO HAVE HAD A SI",1,TRUE,"none","","","verified?","TRUE","high","codes and answer labels identical; check question wording in the codebook if the estimate matters"
"shingle","SHINGLE1","SHINGLE2","2011-2012","2014-2024",2,"HAVE YOU HAD SHINGLES VACCINE?","HAVE YOU EVER HAD THE SHINGLES OR ZOSTER",0.57,TRUE,"none","","","verified?","TRUE","high","codes and answer labels identical; check question wording in the codebook if the estimate matters"
"ssbfrut","SSBFRUT1","SSBFRUT2","2012-2012","2013-2016",1,"HOW OFTEN DID YOU DRINK SWEETENED FRUIT","HOW OFTEN DID YOU DRINK SUGAR-SWEETENED",0.75,TRUE,"none","","","verified?","TRUE","high","codes and answer labels identical; check question wording in the codebook if the estimate matters"
"stoldn","_STOLDN1","_STOLDN2","2022-2022","2024-2024",2,"RESPONDENTS AGED 45-75 WHO HAVE HAD A ST","RESPONDENTS AGED 45-75 WHO HAVE HAD A ST",1,TRUE,"none","","","verified?","TRUE","high","codes and answer labels identical; check question wording in the codebook if the estimate matters"
"stooldn","STOOLDN1","STOOLDN2","2021-2021","2022-2024",1,"EVER HAD STOOL DNA TEST?","EVER HAD STOOL DNA TEST?",1,TRUE,"none","","","verified?","TRUE","high","codes and answer labels identical; check question wording in the codebook if the estimate matters"
"strehab","STREHAB","STREHAB1","2005-2007","2009-2017",2,"OUTPATIENT REHAB AFTER HOSP STAY FOR STR","OUTPATIENT REHAB AFTER HOSP STAY FOR STR",1,TRUE,"none","","","verified?","TRUE","high","codes and answer labels identical; check question wording in the codebook if the estimate matters"
"svnotch","SVNOTCH","SVNOTCH2","2005-2006","2007-2007",1,"SOMEONE PAST 12 MOS PUT YOU IN UNWANTED","SOMEONE PAST 12 MOS PUT YOU IN UNWANTED",1,TRUE,"none","","","verified?","TRUE","high","codes and answer labels identical; check question wording in the codebook if the estimate matters"
"telserv","TELSERV2","TELSERV3","2005-2009","2010-2010",1,"LOST PHONE SERVICE ONE WEEK+ LAST 12 MOS","LOST LANDLINE PHONE SERVICE ONE WEEK+ LA",0.5,TRUE,"none","","","verified?","TRUE","high","codes and answer labels identical; check question wording in the codebook if the estimate matters"
"toldhi","TOLDHI2","TOLDHI3","2001-2019","2021-2023",2,"EVER TOLD BLOOD CHOLESTEROL HIGH","EVER TOLD CHOLESTEROL IS HIGH",0.67,TRUE,"none","","","verified?","TRUE","high","codes and answer labels identical; check question wording in the codebook if the estimate matters"
"usemrjn","USEMRJN1","USEMRJN2","2017-2017","2018-2020",1,"DURING THE PAST 30 DAYS, HOW DID YOU PRI","DURING THE PAST 30 DAYS, HOW DID YOU PRI",1,TRUE,"none","","","verified?","TRUE","high","codes and answer labels identical; check question wording in the codebook if the estimate matters"
"veteran","VETERAN","VETERAN1","2000-2006","2007-2008",1,"ARE YOU A VETERAN","ARE YOU A VETERAN",1,TRUE,"none","","","verified?","TRUE","high","codes and answer labels identical; check question wording in the codebook if the estimate matters"
"vircol","_VIRCOL1","_VIRCOL2","2022-2022","2024-2024",2,"RESPONDENTS AGED 45-75 WHO HAVE HAD A VI","RESPONDENTS AGED 45-75 WHO HAVE HAD A VI",1,TRUE,"none","","","verified?","TRUE","high","codes and answer labels identical; check question wording in the codebook if the estimate matters"
